,Player,Mins,Rating,Market Value,Fee,Class
0,Lionel Messi,2710,8.48,135.0,0.0,1
1,Luis Suárez,2830,7.57,45.0,0.0,1
2,Iago Aspas,2262,7.51,22.0,0.0,1
3,Karim Benzema,2964,7.38,36.0,0.0,1
4,Antoine Griezmann,3204,7.29,117.0,0.0,0
5,Ousmane Dembélé,1673,7.25,90.0,0.0,1
6,Rodrigo,2743,7.24,45.0,0.0,1
7,Wissam Ben Yedder,2821,7.23,36.0,0.0,0
8,Guillermo Maripán,2009,7.2,13.0,0.0,0
9,Gerard Piqué,3150,7.18,31.0,0.0,1
10,Saúl Ñíguez,2925,7.17,81.0,0.0,1
11,Pablo Sarabia,2730,7.16,36.0,0.0,0
12,Casemiro,2316,7.15,54.0,0.0,1
13,José Giménez,1772,7.13,63.0,0.0,1
14,Toni Kroos,2227,7.09,54.0,0.0,1
15,Santi Cazorla,2651,7.09,2.25,0.0,1
16,Koke,2588,7.09,63.0,0.0,1
17,Ivan Rakitic,2643,7.06,31.0,0.0,1
18,Giovani Lo Celso,2401,7.06,45.0,0.0,0
19,Rubén Rochina,1815,7.06,1.35,1.26,1
20,Daniel Carvajal,2106,7.04,45.0,0.0,1
21,Enric Gallego,1541,7.05,360.0,1.8,1
22,Luka Modric,2618,7.03,18.0,0.0,1
23,Vicente Iborra,1667,7.04,8.1,9.0,1
24,Jordi Alba,2988,7.01,45.0,0.0,1
25,Sergio Busquets,2720,7.0,45.0,0.0,1
26,Iñaki Williams,3040,7.0,45.0,0.0,1
27,Francis Coquelin,1767,6.99,18.0,0.0,1
28,Diego Godín,2508,6.98,18.0,0.0,0
29,Leandro Cabrera,2794,7.01,540.0,540.0,1
30,Yeray Álvarez,2614,6.98,22.0,0.0,1
31,Sergio Canales,2658,7.0,4.5,0.0,1
32,Marc Bartra,2930,6.97,19.0,0.0,1
33,Brais Méndez,2354,6.99,3.15,0.0,1
34,Maxi Gómez,2964,6.95,36.0,0.0,0
35,Mario Hermoso,2806,6.95,22.0,0.0,0
36,André Silva,2164,6.93,19.0,0.0,1
37,Fabián Orellana,2739,6.97,1.8,1.8,1
38,Gabriel Paulista,2625,6.93,18.0,0.0,1
39,Júnior Firpo,1937,6.93,22.0,0.0,0
40,Philippe Coutinho,2023,6.93,81.0,0.0,1
41,Geoffrey Kondogbia,1244,6.95,27.0,19.8,1
42,Raúl de Tomás,2821,6.94,2.7,0.0,0
43,Sergio Ramos,2476,6.91,22.0,0.0,1
44,Sergi Roberto,2089,6.91,45.0,0.0,1
45,Marc Roca,3116,6.9,27.0,0.0,1
46,Jan Oblak,3330,6.9,90.0,0.0,1
47,Borja Iglesias,3082,6.93,900.0,0.0,0
48,Borja Iglesias,3082,6.93,900.0,0.0,0
49,Borja Iglesias,3082,6.93,900.0,9.0,0
50,Gareth Bale,1794,6.88,54.0,0.0,1
51,Borja Iglesias,3082,6.93,900.0,9.0,0
52,Nacho,3150,6.87,18.0,0.0,1
53,Youssef En-Nesyri,2106,6.91,5.4,5.4,1
54,Santiago Arias,1771,6.91,16.2,9.9,1
55,Jorge Miramón,2496,6.9,450.0,0.0,1
56,Óscar Rodríguez,2515,6.9,720.0,0.0,1
57,Theo Hernández,1977,6.83,16.0,0.0,0
58,Gonçalo Guedes,1474,6.89,36.0,36.0,1
59,Mikel Oyarzabal,3160,6.83,54.0,0.0,1
60,Rubén Alcaraz,2978,6.89,720.0,900.0,1
61,Arturo Vidal,1929,6.89,31.5,16.2,1
62,Vitorino Antunes,2182,6.89,3.15,2.25,1
63,Igor Zubeldia,2552,6.81,27.0,0.0,1
64,Marcelo,1841,6.81,22.0,0.0,1
65,Mikel Merino,2061,6.88,9.0,10.8,1
66,Mikel Merino,2061,6.88,9.0,6.3,1
67,Jaime Mata,2437,6.88,1.8,0.0,1
68,Ximo Navarro,2533,6.88,1.8,1.35,1
69,Clément Lenglet,1935,6.88,22.5,32.31,1
70,Marco Asensio,1779,6.78,54.0,0.0,1
71,Okay Yokuslu,2205,6.87,6.75,5.4,1
72,Thomas Lemar,1829,6.87,58.5,63.0,1
73,Carlos Soler,2466,6.77,45.0,0.0,1
74,Dani Ceballos,1248,6.76,40.0,0.0,1
75,Marc Muniesa,1403,6.83,2.25,4.5,1
76,Asier Illarramendi,1822,6.75,22.0,0.0,1
77,Cristiano Piccini,1868,6.83,6.75,7.2,1
78,Diego Llorente,1755,6.74,22.0,0.0,1
79,Willian José,2374,6.74,27.0,0.0,1
80,Karl Toko Ekambi,2149,6.83,16.2,16.2,1
81,Ramiro Funes Mori,2628,6.8,9.0,8.1,1
82,William Carvalho,2387,6.79,22.5,18.0,1
83,David Juncà,1758,6.79,1.35,0.0,1
84,Santi Mina,1860,6.71,27.0,0.0,0
85,Gerard Moreno,2317,6.79,18.0,18.0,1
86,Nemanja Maksimovic,3211,6.78,4.5,9.0,1
87,Sergi Darder,2718,6.78,9.9,7.2,1
88,Tomás Pina,2343,6.77,1.62,1.35,1
89,Marc-André ter Stegen,3150,6.69,81.0,0.0,1
90,Nélson Semedo,1602,6.68,36.0,0.0,1
91,Mauro Arambarri,2687,6.76,2.7,1.94,1
92,David Soria,3330,6.76,3.6,2.7,1
93,Ángel Correa,1922,6.68,31.0,0.0,1
94,Isco,1188,6.66,54.0,0.0,1
95,Daniel Wass,2356,6.74,13.5,5.4,1
96,Nacho,1701,6.64,18.0,0.0,1
97,Lucas Vázquez,1502,6.63,22.0,0.0,1
98,Thibaut Courtois,2430,6.71,58.5,31.5,1
99,Sidnei,1743,6.71,3.6,4.05,1
100,Sergi Gómez,2766,6.7,7.2,4.05,1
101,Gerónimo Rulli,2430,6.57,9.0,0.0,1
102,Manu García,2327,6.68,1.8,0.0,0
103,Manu García,2327,6.68,1.8,0.0,0
104,Vitolo,745,6.55,16.0,0.0,1
105,Dani García,2482,6.67,3.6,0.0,1
106,Stanislav Lobotka,2493,6.51,22.0,0.0,1
107,Juan Hernández,2155,6.66,270.0,0.0,1
108,Rubén Pérez,2473,6.66,6.75,0.0,1
109,Mouctar Diakhaby,1574,6.65,9.0,13.5,1
110,Pau López,2970,6.64,4.5,0.0,0
111,Coke,1815,6.63,1.8,1.35,1
112,Pedro Porro,2214,6.63,900.0,0.0,1
113,Ander Capa,1637,6.6,2.7,2.7,1
114,Fran Beltrán,1513,6.3,16.0,0.0,2
115,Santiago Cáseres,1590,6.6,5.4,9.0,1
116,Quincy Promes,1571,6.59,21.6,18.0,0
117,Eden Hazard,2926,7.81,135.0,0.0,0
118,Raheem Sterling,2777,7.61,126.0,0.0,1
119,Marc Cucurella,2356,6.58,4.5,0.0,0
120,Mohamed Salah,3262,7.57,135.0,0.0,1
121,Marc Cucurella,2356,6.58,4.5,0.0,0
122,Sergio Agüero,2480,7.53,58.0,0.0,1
123,Virgil van Dijk,3385,7.44,90.0,0.0,1
124,Sadio Mané,3086,7.43,108.0,0.0,1
125,Harry Kane,2427,7.38,135.0,0.0,1
126,Trent Alexander-Arnold,2467,7.36,72.0,0.0,1
127,Sergio Álvarez,1065,6.57,2.25,3.6,1
128,Paul Pogba,3012,7.31,90.0,0.0,1
129,Aaron Wan-Bissaka,3135,7.27,36.0,0.0,0
130,Bernardo Silva,2853,7.26,90.0,0.0,1
131,Leroy Sané,1867,7.26,90.0,0.0,1
132,Wilfred Ndidi,3299,7.21,31.0,0.0,1
133,Wilfried Zaha,3041,7.21,49.0,0.0,1
134,José Pozo,1612,6.55,2.7,1.17,1
135,Roberto Firmino,2620,7.2,72.0,0.0,1
136,Marcos Alonso,2761,7.18,28.0,0.0,1
137,Alexandre Lacazette,2507,7.17,63.0,0.0,1
138,Gylfi Sigurdsson,3134,7.16,31.0,0.0,1
139,Idrissa Gueye,2826,7.14,27.0,0.0,0
140,Michael Keane,2970,7.13,27.0,0.0,1
141,Bebé,1296,6.51,900.0,675.0,1
142,Andrew Robertson,3219,7.12,54.0,0.0,1
143,Stole Dimitrievski,1890,6.5,900.0,810.0,1
144,Jordi Amat,2764,6.5,4.5,900.0,1
145,Joel Matip,1535,7.11,31.0,0.0,1
146,Arthur,1441,6.49,27.0,27.9,2
147,Kieran Trippier,2278,7.1,31.0,0.0,0
148,Pierre-Emerick Aubameyang,2733,7.1,63.0,0.0,1
149,Roque Mesa,1747,6.48,6.3,5.4,2
150,Ilkay Gündogan,2136,7.1,45.0,0.0,1
151,Ryan Fraser,3173,7.08,27.0,0.0,1
152,Christian Eriksen,2772,7.08,90.0,0.0,1
153,Rubén Sobrino,964,6.48,2.7,4.5,2
154,Raúl Jiménez,3125,7.07,31.0,0.0,1
155,Willian,2109,7.06,31.0,0.0,1
156,Aymeric Laporte,3057,7.05,67.0,0.0,1
157,Ben Chilwell,3240,7.04,31.0,0.0,1
158,Granit Xhaka,2502,7.03,36.0,0.0,1
159,César Azpilicueta,3403,7.01,31.0,0.0,1
160,Harry Maguire,2599,7.01,63.0,0.0,0
161,Callum Wilson,2535,6.99,27.0,0.0,1
162,Moses Simon,781,6.43,5.4,4.5,2
163,Pedro,1781,6.97,16.0,0.0,1
164,Kyle Walker,2777,6.96,45.0,0.0,1
165,Carlos Bacca,1263,6.38,9.0,6.3,2
166,Ander Herrera,1405,6.96,22.0,0.0,0
167,Erick Cabaco,1639,6.34,1.35,1.8,2
168,Lucas Moura,2128,6.96,36.0,0.0,1
169,Marcus Rashford,2345,6.95,72.0,0.0,1
170,Dele Alli,1835,6.95,81.0,0.0,1
171,Declan Rice,3005,6.93,45.0,0.0,1
172,N'Golo Kanté,3096,6.93,90.0,0.0,1
173,John Guidetti,625,6.23,4.5,3.6,2
174,Anthony Martial,1624,6.9,54.0,0.0,1
175,Georginio Wijnaldum,2736,6.89,45.0,0.0,1
176,Henrikh Mkhitaryan,1645,6.88,22.0,0.0,1
177,Lucas Digne,2966,7.36,13.5,18.18,1
178,Ricardo Pereira,3125,7.34,18.0,19.8,1
179,Fabian Schär,2004,7.3,2.7,3.6,1
180,John Stones,1763,6.87,54.0,0.0,1
181,Rúben Neves,3009,6.86,45.0,0.0,1
182,Nathan Aké,3412,6.86,31.0,0.0,1
183,Felipe Anderson,3054,7.23,27.0,27.9,1
184,James Maddison,2850,7.2,9.0,22.5,1
185,Romelu Lukaku,2130,6.84,67.0,0.0,0
186,Toby Alderweireld,2924,6.84,36.0,0.0,1
187,Davinson Sánchez,1943,6.83,49.0,0.0,1
188,Willy Boly,3169,7.12,4.5,10.8,1
189,Chris Smalling,2128,6.79,18.0,0.0,1
190,Antonio Rüdiger,2874,6.78,45.0,0.0,1
191,Jannik Vestergaard,2030,7.07,12.6,22.5,1
192,João Moutinho,3040,7.06,9.0,5.04,1
193,Eric Dier,1510,6.74,27.0,0.0,1
194,Dwight McNeil,1599,7.03,0.0,0.0,1
195,Aleksandar Mitrovic,3282,7.03,13.5,22.23,1
196,Lukasz Fabianski,3420,7.02,4.5,7.2,1
197,Aaron Ramsey,1331,6.7,36.0,0.0,0
198,Fabián Balbuena,2014,6.98,4.5,3.6,1
199,Jefferson Lerma,2511,6.97,1.8,25.2,1
200,Victor Lindelöf,2602,6.68,31.0,0.0,1
201,Riyad Mahrez,1338,6.96,45.0,61.02,1
202,Jordan Henderson,1983,6.67,31.0,0.0,1
203,Ederson,3420,6.66,63.0,0.0,1
204,Fabinho,2013,6.95,40.5,40.5,1
205,Ross Barkley,1243,6.65,27.0,0.0,1
206,Mateo Kovacic,1745,6.65,31.0,0.0,0
207,Gabriel Jesus,1022,6.64,63.0,0.0,1
208,Bernardo,1751,6.9,5.4,9.0,1
209,Diogo Jota,2372,6.89,10.8,12.6,1
210,Alex Iwobi,1976,6.62,28.0,0.0,0
211,Richarlison,2679,6.89,22.5,35.28,1
212,Issa Diop,2970,6.89,19.8,22.5,1
213,Jorginho,3165,6.88,45.0,51.3,0
214,Jonny Evans,1995,6.88,13.5,3.6,1
215,Alexis Sánchez,877,6.6,31.0,0.0,1
216,Jesse Lingard,1670,6.59,36.0,0.0,1
217,Sergio Rico,2610,6.57,10.0,0.0,1
218,Harry Winks,1592,6.55,36.0,0.0,1
219,Gerard Deulofeu,2083,6.84,12.6,11.7,1
220,David de Gea,3420,6.52,58.0,0.0,1
221,David Brooks,2278,6.83,4.5,10.17,1
222,Sokratis,2199,6.82,18.0,14.4,1
223,Jordan Pickford,3420,6.5,36.0,0.0,1
224,Alisson,3420,6.79,54.0,56.25,1
225,Ademola Lookman,602,6.47,18.0,0.0,0
226,Ryan Sessegnon,2298,6.42,31.0,0.0,2
227,Vicente Guaita,1755,6.74,4.5,0.0,1
228,Vicente Guaita,1755,6.74,4.5,0.0,1
229,Lucas Torreira,2381,6.72,27.0,25.79,1
230,Maxime Le Marchand,2252,6.72,3.6,3.6,1
231,Martín Montoya,2166,6.71,7.2,6.3,1
232,Xherdan Shaqiri,1059,6.71,16.2,13.23,1
233,Josip Ilicic,2151,7.39,15.0,0.0,1
234,Suso,3031,7.39,29.0,0.0,1
235,Rodrigo de Paul,3194,7.37,22.0,0.0,1
236,Ben Foster,3420,6.69,2.7,2.52,1
237,Andrea Belotti,3301,7.23,31.0,0.0,1
238,Bernd Leno,2833,6.68,18.0,22.5,1
239,Dries Mertens,2253,7.2,22.0,0.0,1
240,Lorenzo Insigne,2080,7.16,58.0,0.0,1
241,Tiemoué Bakayoko,2301,7.15,31.0,0.0,1
242,Sergej Milinkovic-Savic,2405,7.15,58.0,0.0,1
243,Allan,2614,7.13,54.0,0.0,1
244,Arkadiusz Milik,2398,7.13,36.0,0.0,1
245,Hakan Calhanoglu,2898,7.12,16.0,0.0,1
246,Yan Valery,1715,6.66,0.0,0.0,1
247,Joe Bryan,2347,6.65,4.5,6.03,1
248,Marcelo Brozovic,2657,7.08,45.0,0.0,1
249,Alessio Cragno,3420,7.07,18.0,0.0,1
250,Kalidou Koulibaly,3134,7.06,67.0,0.0,1
251,Ivan Perisic,2707,7.06,21.0,0.0,1
252,Luis Alberto,2003,7.05,25.0,0.0,1
253,José Callejón,2652,7.03,18.0,0.0,1
254,Yves Bissouma,1771,6.63,7.2,15.21,1
255,Remo Freuler,3030,7.02,18.0,0.0,1
256,Marten de Roon,2977,7.0,21.0,0.0,1
257,Lorenzo Pellegrini,1828,7.0,36.0,0.0,1
258,Martin Dubravka,3420,6.62,3.6,3.6,1
259,Piotr Zielinski,2883,6.99,36.0,0.0,1
260,Domenico Berardi,2885,6.98,21.0,0.0,1
261,Federico Chiesa,3038,6.98,54.0,0.0,1
262,Cheikhou Kouyaté,1897,6.61,10.8,9.63,1
263,Jordan Veretout,2944,6.96,18.0,0.0,1
264,Ciro Immobile,2858,6.96,36.0,0.0,1
265,Bernard,2129,6.6,14.4,0.0,1
266,Franck Kessié,3021,6.95,27.0,0.0,0
267,Timothy Castagne,2003,6.95,16.0,0.0,1
268,Adama Traoré,896,6.59,7.2,18.0,1
269,Nikola Milenkovic,3010,6.94,27.0,0.0,1
270,Manuel Lazzari,2842,6.93,16.0,0.0,0
271,Terence Kongolo,2722,6.58,9.0,18.0,1
272,Matteo Politano,2568,6.92,27.0,0.0,0
273,Stefano Sensi,1980,6.91,27.0,0.0,1
274,Milan Skriniar,3150,6.89,54.0,0.0,1
275,Alessandro Florenzi,2185,6.89,22.0,0.0,1
276,Josh Murphy,1826,6.54,1.35,10.26,1
277,Jonas Lössl,2777,6.52,4.5,2.25,1
278,Riccardo Orsolini,1957,6.87,18.0,0.0,0
279,Gianluca Mancini,2252,6.86,19.0,0.0,1
280,Stuart Armstrong,1433,6.5,1.8,7.16,1
281,Gianluigi Donnarumma,3092,6.85,49.0,0.0,1
282,Juninho Bacuna,1416,6.49,1.35,2.25,2
283,Max Meyer,1415,6.49,16.2,0.0,2
284,Mauro Icardi,2270,6.84,67.0,0.0,1
285,Rui Patrício,3330,6.45,14.4,16.2,2
286,Joachim Andersen,2880,6.84,22.0,0.0,0
287,Davide Calabria,1954,6.84,16.0,0.0,1
288,Iago Falque,1618,6.83,15.0,0.0,1
289,Andrea Petagna,3043,6.81,18.0,0.0,0
290,Florent Hadergjonaj,1841,6.4,4.5,4.5,2
291,Erik Durm,2054,6.33,900.0,0.0,2
292,Thomas Strakosha,3150,6.76,18.0,0.0,1
293,Matías Vecino,2017,6.75,20.0,0.0,1
294,Nicolò Barella,3112,6.73,32.0,0.0,1
295,Florin Andone,876,6.22,5.4,5.4,2
296,Elseid Hysaj,2109,6.72,16.0,0.0,1
297,Duván Zapata,2900,7.32,18.0,16.65,1
298,Fabián Ruiz,1991,7.25,18.0,27.0,1
299,Cengiz Ünder,1378,6.69,31.0,0.0,1
300,Armando Izzo,3274,7.24,7.65,8.73,1
301,Krzysztof Piatek,1594,7.2,810.0,4.05,1
302,Krzysztof Piatek,1594,7.2,13.5,31.5,1
303,Alfred Duncan,1852,6.66,15.0,0.0,1
304,Domenico Criscito,3071,7.15,3.6,0.0,1
305,Giovanni Simeone,2459,6.64,15.0,0.0,1
306,Germán Pezzella,2852,7.06,11.7,8.78,1
307,Steven Nzonzi,2619,7.06,27.0,23.99,1
308,Marco Benassi,2296,6.6,16.0,0.0,1
309,Christian Kouamé,3072,7.05,2.52,4.73,1
310,Joaquín Correa,1919,7.03,9.0,13.77,1
311,Felipe,2364,6.59,18.0,0.0,1
312,Jasmin Kurtic,2561,7.02,4.5,4.77,1
313,Juraj Kucka,1536,7.01,2.25,4.28,1
314,Albin Ekdal,2652,6.99,4.05,2.34,1
315,Krzysztof Piatek,1379,6.99,810.0,4.05,1
316,Krzysztof Piatek,1379,6.99,13.5,31.5,1
317,Adam Ounas,534,6.53,9.0,0.0,1
318,Tomás Rincón,2804,6.97,7.2,5.31,1
319,Francesco Acerbi,3310,6.95,9.0,9.45,1
320,Kwadwo Asamoah,2672,6.93,12.6,0.0,1
321,Federico Santander,2063,6.92,1.8,5.85,1
322,Cristiano Biraghi,3196,6.92,4.5,1.8,1
323,Radja Nainggolan,1972,6.89,40.5,34.2,1
324,Juan Musso,2610,6.88,900.0,3.6,1
325,Gervinho,2310,6.88,6.3,0.0,1
326,Riccardo Gagliolo,3046,6.86,1.08,1.08,1
327,Téji Savanier,2866,7.89,10.0,0.0,0
328,Ignacio Pussetto,2182,6.86,6.3,7.2,1
329,Nicolas Pépé,3332,7.62,67.0,0.0,0
330,Ángel Di María,2339,7.52,36.0,0.0,1
331,Edinson Cavani,1676,7.44,36.0,0.0,1
332,Memphis Depay,2737,7.34,40.0,0.0,1
333,Nabil Fekir,1991,7.31,54.0,0.0,0
334,Stefan de Vrij,2520,6.85,36.0,0.0,1
335,Andy Delort,3132,7.27,11.0,0.0,0
336,Thiago Mendes,3082,7.27,22.0,0.0,0
337,Marcelo,2880,7.25,22.0,0.0,1
338,Marquinhos,2695,7.24,58.0,0.0,1
339,Florian Thauvin,2625,7.19,40.0,0.0,1
340,Benjamin André,2502,7.18,9.0,0.0,0
341,Danilo,3081,6.82,6.3,9.0,0
342,Valentin Rongier,3228,7.1,13.0,0.0,0
343,Danilo,3081,6.82,6.3,9.0,0
344,Ferland Mendy,2529,7.09,36.0,0.0,0
345,Danilo,3081,6.82,6.3,9.0,0
346,Danilo,3081,6.82,6.3,9.0,0
347,Marco Verratti,1887,7.07,67.0,0.0,1
348,Cristian Romero,2339,6.81,675.0,3.82,0
349,Thomas Meunier,1615,7.07,27.0,0.0,1
350,Bryan Cristante,2421,6.81,22.5,4.5,0
351,Ibrahim Sangaré,2466,7.06,13.0,0.0,1
352,Houssem Aouar,3069,7.05,40.0,0.0,1
353,Walter Benítez,3150,7.05,9.0,0.0,1
354,Jeremie Boga,1440,6.8,2.25,2.7,1
355,Simone Missiroli,2750,6.78,1.98,0.0,1
356,Julian Draxler,2046,7.02,31.0,0.0,1
357,Omar Colley,1765,6.74,4.5,7.2,1
358,Rolando Mandragora,2921,6.73,9.0,18.0,1
359,Youri Tielemans,1685,6.94,40.0,0.0,0
360,Darijo Srna,2090,6.72,900.0,0.0,0
361,Bertrand Traoré,2125,6.93,13.0,0.0,1
362,Bruno Alves,2924,6.72,450.0,0.0,1
363,Rony Lopes,1857,6.91,22.0,0.0,0
364,Wylan Cyprien,2364,6.91,16.0,0.0,1
365,Yann M'Vila,3263,6.91,9.0,0.0,1
366,Nicolò Zaniolo,1772,6.7,900.0,4.05,1
367,Christopher Nkunku,1155,6.88,13.0,0.0,0
368,Lukasz Skorupski,3420,6.69,6.3,8.1,1
369,Benjamin Lecomte,3330,6.86,12.0,0.0,0
370,Morgan Sanson,2406,6.86,25.0,0.0,1
371,William Troost-Ekong,3067,6.68,1.8,2.97,1
372,Abdoulaye Touré,2750,6.85,9.0,0.0,1
373,Milan Badelj,1143,6.68,13.5,0.0,1
374,Edouard Mendy,3420,6.85,8.0,0.0,0
375,Malang Sarr,2995,6.85,16.0,0.0,1
376,Pablo,1943,6.84,9.0,0.0,1
377,Justin Kluivert,1341,6.66,13.5,15.53,1
378,Bartosz Salamon,1724,6.0,1.26,1.8,2
379,Arturo Calabresi,1414,6.64,630.0,180.0,1
380,Mehdi Bourabia,2009,6.64,675.0,1.98,1
381,Dimitri Payet,1912,6.81,11.0,0.0,1
382,Alban Lafont,3016,6.64,16.2,7.2,1
383,Lautaro Martínez,1337,6.64,22.5,12.6,1
384,Boubacar Kamara,2411,6.8,16.0,0.0,1
385,Mike Maignan,3420,6.79,19.0,0.0,1
386,Fabio Borini,1049,6.6,6.3,4.95,1
387,Jules Koundé,3330,6.75,22.0,0.0,0
388,Andrea Beghetto,2227,6.6,810.0,1.35,1
389,Manolo Gabbiadini,807,6.6,9.0,10.71,1
390,Marco Capuano,2313,6.58,900.0,450.0,1
391,Adama Soumaoro,1730,6.73,9.0,0.0,1
392,Patrik Schick,1315,6.58,18.0,8.1,1
393,Matías Silvestre,3060,6.58,1.35,0.0,1
394,Luca Rigoni,1764,6.57,900.0,0.0,0
395,Mitchell Dijks,2027,6.57,1.35,0.0,1
396,Maxwel Cornet,1276,6.71,13.0,0.0,1
397,Pierluigi Gollini,1800,6.57,3.15,3.42,1
398,Benjamin Bourigeaud,2435,6.71,13.0,0.0,1
399,Ervin Zukanovic,1960,6.55,1.8,1.35,0
400,Youssouf Sabaly,1911,6.71,9.0,0.0,1
401,Ivan Radovanovic,1707,6.54,2.7,3.6,1
402,Robin Olsen,2430,6.54,2.25,8.1,1
403,Martin Terrier,1481,6.7,13.0,0.0,1
404,Leo Stulac,1451,6.54,1.26,1.17,0
405,Khouma Babacar,1490,6.53,7.2,6.3,1
406,Presnel Kimpembe,2006,6.69,27.0,0.0,1
407,Federico Barba,2489,6.52,1.35,2.7,1
408,Anthony Lopes,3060,6.68,22.0,0.0,1
409,Raman Chibsah,2626,6.52,1.35,900.0,1
410,Giangiacomo Magnani,1515,6.5,540.0,4.5,1
411,Giangiacomo Magnani,1515,6.5,540.0,4.5,1
412,Layvin Kurzawa,1011,6.67,15.0,0.0,1
413,Alfred Gomis,1722,6.5,2.7,1.35,0
414,Xeka,2264,6.65,9.0,0.0,1
415,Emanuele Giaccherini,2008,6.49,900.0,0.0,2
416,Miguel Veloso,1259,6.49,2.25,0.0,0
417,Simone Verdi,701,6.48,22.5,22.05,2
418,François Kamano,2572,6.64,13.0,0.0,1
419,Samu Castillejo,1008,6.46,13.5,22.5,2
420,Federico Di Francesco,1081,6.46,3.15,6.3,2
421,Filip Djuricic,1261,6.46,1.35,0.0,2
422,Jonathan Biabiany,1069,6.44,1.58,1.35,0
423,Riccardo Saponara,908,6.44,8.1,8.1,2
424,Antonino La Gumina,1091,6.43,1.8,8.1,2
425,Afriyie Acquah,1514,6.42,1.8,900.0,2
426,Lucas Tousart,1729,6.59,18.0,0.0,1
427,Filip Bradaric,1494,6.42,4.5,4.5,2
428,Mariusz Stepinski,2476,6.35,3.6,2.25,2
429,Diego Laxalt,640,6.35,16.2,12.6,2
430,Mattias Svanberg,1175,6.31,675.0,4.05,2
431,Fabio Ceravolo,1183,6.18,1.8,1.8,0
432,Alberto Paloschi,852,6.15,3.15,3.6,2
433,Kylian Mbappé,2344,8.0,108.0,121.5,1
434,Boubakary Soumaré,553,6.49,16.0,0.0,2
435,Youcef Atal,2261,7.48,720.0,2.7,1
436,Hatem Ben Arfa,2037,7.35,4.5,0.0,0
437,Wahbi Khazri,2825,7.25,9.0,6.3,1
438,Rémy Cabella,3000,7.13,8.1,5.4,0
439,Florent Mollet,2580,7.05,1.13,2.34,1
440,Jonathan Bamba,3011,7.02,7.2,0.0,1
441,Robert Lewandowski,2959,7.65,58.0,0.0,1
442,Ghislain Konan,1800,7.02,1.8,3.6,1
443,Naïm Sliti,2290,7.01,6.3,1.8,0
444,Kerem Demirbay,2023,7.59,28.0,0.0,0
445,Léo Dubois,2044,7.01,9.0,0.0,1
446,Emiliano Sala,1377,7.0,14.4,15.3,1
447,Marcel Halstenberg,2414,7.56,19.0,0.0,1
448,Sébastien Haller,2181,7.55,40.0,0.0,0
449,Jadon Sancho,2464,7.52,90.0,0.0,1
450,Joshua Kimmich,3060,7.49,63.0,0.0,1
451,Thorgan Hazard,2878,7.44,34.0,0.0,0
452,Thilo Kehrer,1896,6.98,16.2,33.3,1
453,Willi Orban,2050,7.41,18.0,0.0,1
454,Marco Reus,2322,7.39,45.0,0.0,1
455,Kingsley Coman,1392,7.34,54.0,0.0,1
456,Samuel Kalu,1280,6.97,4.5,7.65,1
457,José Fonte,3112,6.97,1.8,0.0,1
458,Kevin Volland,2820,7.28,31.0,0.0,1
459,Yussuf Poulsen,2454,7.27,31.0,0.0,1
460,Marko Grujic,1780,7.26,18.0,0.0,1
461,Filip Kostic,2961,7.26,34.0,0.0,1
462,Julian Brandt,2674,7.26,45.0,0.0,0
463,Kai Havertz,2901,7.25,81.0,0.0,1
464,James Rodríguez,1143,7.24,45.0,0.0,1
465,Joelinton,2136,7.21,31.0,0.0,0
466,Thomas Müller,2391,7.19,31.0,0.0,1
467,Ibrahima Konaté,2431,7.19,40.0,0.0,1
468,Timo Werner,2525,7.17,58.0,0.0,1
469,Mats Hummels,1776,7.17,31.0,0.0,0
470,Serge Gnabry,1774,7.15,54.0,0.0,1
471,Kevin Kampl,2122,7.13,19.0,0.0,1
472,Maximilian Arnold,2879,7.11,16.0,0.0,1
473,Achraf Hakimi,1740,7.11,27.0,0.0,1
474,Damien Le Tallec,2812,6.91,1.58,0.0,1
475,Andrej Kramaric,2404,7.09,34.0,0.0,1
476,Jordan Amavi,2178,6.91,14.4,9.0,1
477,Florian Grillitsch,2395,7.06,19.0,0.0,1
478,Emil Forsberg,1254,7.02,22.0,0.0,1
479,Ondrej Duda,2575,7.02,15.0,0.0,1
480,M'Baye Niang,1794,6.88,9.0,10.8,0
481,David Alaba,2534,7.01,49.0,0.0,1
482,Lukas Klostermann,2003,7.01,27.0,0.0,1
483,Charles Aránguiz,1897,7.0,13.0,0.0,1
484,Mario Götze,1680,7.0,19.0,0.0,1
485,Damien Da Silva,2874,6.88,4.95,0.0,1
486,Luka Jovic,2249,7.0,54.0,0.0,0
487,Milot Rashica,1559,6.98,18.0,0.0,1
488,Jeff Reine-Adélaïde,2566,6.87,2.7,1.44,0
489,Maximilian Eggestein,3053,6.98,27.0,0.0,1
490,Niklas Süle,2652,6.96,54.0,0.0,1
491,Jonathan Tah,2939,6.95,36.0,0.0,1
492,Marcel Sabitzer,2356,6.94,27.0,0.0,1
493,Juan Bernat,1838,6.84,10.8,4.5,1
494,Paco Alcácer,1205,6.93,45.0,0.0,0
495,Dan-Axel Zagadou,1267,6.92,25.0,0.0,1
496,Diego Demme,2061,6.92,15.0,0.0,1
497,Clément Grenier,2668,6.83,3.6,3.6,1
498,Niklas Stark,1871,6.92,18.0,0.0,1
499,Nico Elvedi,2626,6.91,27.0,0.0,1
500,Wendell,2278,6.9,18.0,0.0,1
501,Jonathan Ikoné,2815,6.82,630.0,4.5,1
502,Leon Bailey,1921,6.9,36.0,0.0,1
503,Nico Schulz,2542,6.9,22.0,0.0,0
504,Karim Bellarabi,1061,6.9,13.0,0.0,1
505,Javi Martínez,1313,6.88,24.0,0.0,1
506,Jonathan Gradit,2013,6.8,450.0,0.0,1
507,Jérôme Boateng,1694,6.87,13.0,0.0,1
508,Danny da Costa,3035,6.85,13.0,0.0,1
509,Denis Bouanga,2640,6.79,1.58,2.7,0
510,Kevin Strootman,1941,6.76,25.2,22.5,1
511,Benjamin Henrichs,1827,6.75,10.8,18.0,1
512,Manuel Akanji,2206,6.79,36.0,0.0,1
513,Philipp Max,2575,6.78,15.0,0.0,1
514,Jason Denayer,2748,6.75,2.7,5.85,1
515,Thomas Foket,2880,6.73,3.15,3.15,1
516,Rafael Leão,1295,6.73,5.4,0.0,0
517,Benjamin Pavard,2606,6.73,31.0,0.0,1
518,Matthias Ginter,2380,6.73,31.0,0.0,1
519,Konrad Laimer,1878,6.72,15.0,0.0,1
520,Mathieu Dossevi,2482,6.71,3.15,2.25,1
521,Lucas Alario,1256,6.72,15.0,0.0,1
522,Sergi Palencia,1984,6.71,2.25,0.0,0
523,Julian Weigl,1456,6.71,22.0,0.0,1
524,Loïck Landre,1593,6.69,180.0,135.0,1
525,Saman Ghoddos,1833,6.69,1.58,3.6,1
526,Davie Selke,1731,6.69,13.0,0.0,1
527,Duje Caleta-Car,1546,6.65,9.0,17.1,1
528,Yann Karamoh,1224,6.65,6.3,5.85,1
529,Florian Neuhaus,2072,6.65,19.0,0.0,1
530,Arne Maier,2069,6.65,21.0,0.0,1
531,Moussa Doumbia,1600,6.64,450.0,0.0,1
532,Denis Zakaria,1959,6.63,25.0,0.0,1
533,Aleksandr Golovin,2301,6.63,22.5,27.0,1
534,Karim Rekik,2070,6.62,13.0,0.0,1
535,Moussa Diaby,1131,6.62,450.0,0.0,0
536,Loïc Rémy,1209,6.62,5.4,1.26,1
537,Danilo,1552,6.61,6.3,9.0,0
538,Danilo,1552,6.61,6.3,9.0,0
539,Danilo,1552,6.61,6.3,9.0,0
540,Danilo,1552,6.61,6.3,9.0,0
541,Baptiste Reynet,2705,6.61,4.5,3.6,1
542,Josip Brekalo,1416,6.59,13.0,0.0,1
543,Toma Basic,1336,6.59,1.22,3.15,1
544,Casimir Ninga,2476,6.58,1.35,1.8,1
545,Juan Ferney Otero,2180,6.57,2.7,1.92,1
546,Prince Oniangué,2343,6.57,1.35,450.0,1
547,Stéphane Bahoken,2493,6.57,2.7,0.0,1
548,Boulaye Dia,746,6.56,0.0,0.0,1
549,Gen Shoji,1620,6.56,3.15,2.7,1
550,Jimmy Briand,2501,6.55,2.25,0.0,1
551,Rafael,1019,6.53,720.0,0.0,0
552,Enzo Crivelli,2273,6.5,3.6,2.7,1
553,Anthony Limbombe,1234,6.49,7.2,7.2,2
554,Renato Sanches,567,6.36,16.0,0.0,0
555,Manuel Neuer,2303,6.34,16.0,0.0,2
556,Jean-Kévin Augustin,452,6.32,14.0,0.0,2
557,Ignatius Ganago,1034,6.45,0.0,0.0,2
558,Eric Maxim Choupo-Moting,794,6.42,7.2,0.0,2
559,Nolan Roux,1538,6.42,3.15,0.0,2
560,Manu García,1850,6.4,1.8,0.0,0
561,Manu García,1850,6.4,1.8,0.0,0
562,Junior Sambia,913,6.39,2.25,1.8,2
563,Cheick Timite,1453,6.34,0.0,0.0,2
564,Petar Skuletic,581,6.33,900.0,0.0,2
565,Aaron Leya Iseka,1440,6.25,1.98,1.13,2
566,Rúnar Alex Rúnarsson,2250,6.23,450.0,1.44,2
567,Moussa Sylla,762,6.17,2.7,0.0,2
568,Farid El Melali,310,6.16,540.0,0.0,2
569,Ishak Belfodil,1864,7.29,4.95,4.95,1
570,Wout Weghorst,2931,7.24,6.3,9.45,1
571,Kevin Stöger,2121,7.17,1.8,0.0,1
572,Thomas Delaney,2290,7.13,10.8,18.0,1
573,Axel Witsel,2873,7.11,18.0,18.0,1
574,Jérôme Roussillon,2466,7.03,7.2,4.5,1
575,Marc Oliver Kempf,2026,7.01,3.6,0.0,1
576,Valentino Lazaro,2743,7.0,8.1,9.45,0
577,Nordi Mukiele,1227,6.99,12.6,14.4,1
578,Leon Goretzka,2021,6.96,36.0,0.0,1
579,Nuri Sahin,1487,6.91,4.05,900.0,1
580,Ante Rebic,1985,6.89,9.0,1.8,1
581,Davy Klaassen,2823,6.89,13.5,12.15,1
582,Abdou Diallo,2381,6.88,10.8,25.2,0
583,André Hahn,2050,6.87,1.35,2.7,1
584,Christian Pulisic,924,6.86,45.0,57.6,1
585,Matthias Zimmermann,3050,6.84,900.0,0.0,1
586,Mitchell Weiser,2111,6.76,10.8,10.8,1
587,Benito Raman,1679,6.74,2.25,1.35,0
588,Christian Mathenia,1934,6.71,900.0,450.0,1
589,Dominique Heintz,3054,6.69,6.75,2.7,1
590,Daniel Ginczek,1275,6.68,3.15,12.6,1
591,Yuya Osako,1351,6.65,4.05,4.05,1
592,Michael Lang,1262,6.64,5.18,2.52,1
593,Leonardo Bittencourt,1069,6.6,5.4,5.4,1
594,Kenan Karaman,915,6.59,1.35,0.0,1
595,Javairô Dilrosun,892,6.59,0.0,0.0,1
596,Martin Harnik,829,6.58,2.7,2.03,1
597,Alfredo Morales,1527,6.58,900.0,0.0,1
598,Jérôme Gondorf,1296,6.57,1.35,1.17,1
599,Daniel Didavi,951,6.57,6.3,3.6,1
600,Gonzalo Castro,1694,6.55,7.2,4.5,1
601,Kevin Möhwald,863,6.5,2.25,0.0,1
602,Jean Zimmer,1439,6.5,1.13,810.0,1
603,Claudio Pizarro,677,6.49,450.0,0.0,2
604,Matheus Cunha,849,6.35,1.35,13.5,2
605,Virgil Misidjan,1545,6.35,4.5,2.7,2
606,Daniel Parejo,3063,7.4,46.99131231021562,0.0,1
607,Raúl García,2379,7.17,57.04644539428938,0.0,1
608,Joan Jordán,2879,7.14,59.75718460929414,0.0,0
609,José Campaña,3213,7.1,62.581528171854984,0.0,1
610,Jonathan Calleri,2878,7.08,62.80161284039713,0.0,1
611,Éver Banega,2681,7.08,62.33380176229065,0.0,1
612,Cote,3035,7.06,64.19003786644373,0.0,1
613,Zouhair Feddal,1702,7.04,62.04019636264957,0.0,1
614,Rubén Peña,2674,7.04,64.34838097137788,0.0,0
615,Adnan Januzaj,1254,7.04,60.97634172817391,0.0,1
616,Cristhian Stuani,2731,7.03,64.99153796064849,0.0,1
617,Sofiane Boufal,2100,7.03,63.49311770539373,0.0,1
618,Roberto Rosales,1751,7.02,63.17215643217082,0.0,1
619,José Gayá,3138,6.98,68.49703332085397,0.0,1
620,Jorge Molina,2651,6.97,67.84836682540418,0.0,1
621,Filipe Luís,2038,6.96,66.90049121400813,0.0,0
622,Dimitrios Siovas,2965,6.94,70.11741639305967,0.0,1
623,Thomas Partey,2067,6.93,68.49275825749936,0.0,1
624,Aritz Elustondo,2253,6.93,68.93444790484864,0.0,1
625,Jesús Navas,2714,6.93,70.02917332112821,0.0,1
626,Rodrigo Moreno,2534,6.93,69.6017317269193,0.0,1
627,Ezequiel Garay,2137,6.92,69.16678602857394,0.0,1
628,Guido Carrillo,1995,6.91,69.33738258869124,0.0,1
629,Jony,2985,6.89,72.70391232571603,0.0,1
630,Jonathan Silva,2700,6.89,72.02712980155184,0.0,1
631,Sergio Asenjo,2880,6.89,72.45457139576081,0.0,1
632,Damián Suárez,3240,6.89,73.3094545841787,0.0,1
633,Daniel Carriço,2132,6.88,71.18611458870794,0.0,1
634,Pedro Alcalá,1869,6.88,70.5615749260582,0.0,1
635,Simon Kjaer,2016,6.87,71.41845271243324,0.0,1
636,Álex Granell,2392,6.87,72.31133070922527,0.0,1
637,Franco Vázquez,2290,6.87,72.06911380584023,0.0,1
638,Joaquín,1697,6.87,70.66093122047403,0.0,1
639,Yuri,3121,6.87,74.04246916577154,0.0,1
640,Hugo Mallo,3094,6.86,74.48615341107791,0.0,1
641,José Luis Morales,3197,6.86,74.73074498998642,0.0,1
642,Pape Diop,2356,6.85,73.241443359259,0.0,1
643,Íñigo Martínez,2903,6.85,74.54039087054952,0.0,1
644,Esteban Granero,2020,6.85,72.44355238340228,0.0,1
645,Javi López,1949,6.83,73.29055139011746,0.0,1
646,Iker Muniain,2387,6.83,74.33065926935927,0.0,1
647,Oier Olazábal,1890,6.82,73.65824601867558,0.0,1
648,Djené Dakonam,2981,6.81,76.75681749912434,0.0,1
649,Toni Villa,1774,6.8,74.39838462683866,0.0,1
650,Sergi Enrich,2593,6.8,76.34324388048941,0.0,1
651,Joseba Zaldua,2142,6.8,75.27226521944363,0.0,1
652,Borja García,2639,6.8,76.45247895456504,0.0,1
653,Dídac Vilá,2358,6.79,76.2929956169321,0.0,1
654,Abdoulaye Ba,2113,6.78,76.21900059814095,0.0,1
655,Samuel Chukwueze,1711,6.78,75.26438103774097,0.0,1
656,Kenneth Omeruo,2434,6.78,76.98127144114693,0.0,0
657,Raphael Varane,2757,6.78,77.74829163519968,0.0,1
658,Adrián Embarba,2291,6.78,76.64169284130315,0.0,1
659,Cristian Tello,1560,6.78,74.90580503371012,0.0,1
660,Rubén Duarte,2777,6.77,78.30358563010509,0.0,1
661,Mikel Vesga,2075,6.77,76.63656341269018,0.0,1
662,Bernardo Espinosa,2729,6.77,78.18960120498275,0.0,1
663,Víctor Laguardia,3240,6.76,79.91086088186921,0.0,1
664,Jason,2333,6.76,77.75703018216075,0.0,0
665,Juanpe,2769,6.76,78.7923887103558,0.0,1
666,Jorge Pulido,2790,6.75,79.3500573807845,0.0,1
667,Christian Rivera,1694,6.74,77.25521349159436,0.0,1
668,Denis Cheryshev,1709,6.74,77.2908336244451,0.0,0
669,Unai Bustinza,2029,6.74,78.05072979192767,0.0,1
670,Fernando Pacheco,3150,6.74,80.71274105364012,0.0,1
671,Álex Moreno,3140,6.73,81.196794782844,0.0,1
672,Néstor Araújo,2682,6.73,80.10919339313455,0.0,1
673,Fernando Calero,3130,6.73,81.1730480276102,0.0,0
674,Enis Bardhi,2842,6.73,80.48914147687583,0.0,1
675,Yassine Bounou,2862,6.73,80.53663498734352,0.0,1
676,Alfonso Pedraza,2089,6.72,79.20881129220618,0.0,1
677,Gabriel Mercado,1738,6.72,78.37530018349872,0.0,0
678,Roberto Santamaría,1800,6.72,78.52253006594844,0.0,1
679,David López,1820,6.72,78.57002357641613,0.0,1
680,Diego López,3420,6.72,82.36950441382908,0.0,1
681,Iván Ramis,1682,6.72,78.24231835418925,0.0,1
682,Pablo Fornals,2483,6.71,80.6522339328568,0.0,0
683,Míchel,2554,6.71,80.82083589501701,0.0,1
684,Mario Gaspar,2602,6.71,80.93482032013941,0.0,1
685,Kiko Olivas,3102,6.71,82.12215808183095,0.0,1
686,Santiago Comesaña,2032,6.7,80.0890557562488,0.0,1
687,Anaitz Arbilla,1950,6.7,79.89433236333139,0.0,1
688,Charles,1736,6.7,79.3861518013274,0.0,1
689,Moi Gómez,3061,6.7,82.53259686980999,0.0,1
690,Paulo Oliveira,2243,6.7,80.5901122916826,0.0,1
691,Neto,3060,6.7,82.53022219428658,0.0,0
692,Juanfran,1609,6.69,79.59236849429544,0.0,0
693,Juanfran,1609,6.69,79.59236849429544,0.0,0
694,Óscar Plano,2697,6.69,82.17601546373623,0.0,1
695,Xabier Etxeita,2678,6.69,82.13089662879196,0.0,1
696,Toño,1767,6.68,80.4753677114278,0.0,1
697,Beñat Etxebarria,2045,6.68,81.13552750692827,0.0,1
698,Chimy Avila,1995,6.68,81.0167937307591,0.0,1
699,Martin Braithwaite,1407,6.67,80.12828500744757,0.0,1
700,Luis Advíncula,2391,6.67,82.46496572245655,0.0,1
701,Aissa Mandi,3061,6.67,84.05599832312322,0.0,1
702,Giannelli Imbula,1739,6.67,80.91667728121075,0.0,1
703,Víctor Ruiz,1976,6.67,81.47947538025255,0.0,0
704,Iñigo Córdoba,1324,6.67,79.9311869390068,0.0,1
705,Jaume Costa,1498,6.66,80.85218096451308,0.0,1
706,Pere Pons,2797,6.66,83.93688446938773,0.0,1
707,Álvaro González,2967,6.66,84.34057930836286,0.0,1
708,Sergio Escudero,1553,6.65,81.49058860273692,0.0,1
709,Bruno González,1697,6.65,81.83254187810405,0.0,1
710,Allan-Roméo Nyom,1712,6.65,81.86816201095479,0.0,1
711,Iván Cuéllar,3056,6.65,85.05972591438166,0.0,1
712,Chema Rodríguez,1254,6.64,81.28836110568312,0.0,1
713,Óscar Trejo,1774,6.64,82.52319237784235,0.0,1
714,Juanfran,1459,6.64,81.77516958797668,0.0,0
715,Juanfran,1459,6.64,81.77516958797668,0.0,0
716,Rubén Pardo,1374,6.63,82.08112265292681,0.0,1
717,Roger Martí,1895,6.63,83.31832860060939,0.0,1
718,Francis,1790,6.63,83.06898767065417,0.0,1
719,David Zurutuza,1223,6.63,81.72254664889596,0.0,1
720,Leo Baptistão,1236,6.61,82.76901839957543,0.0,1
721,Portu,2833,6.61,86.56137521041819,0.0,1
722,Óscar Melendo,2006,6.6,85.10531903701815,0.0,1
723,Gonzalo Escalante,1784,6.59,85.08594155526487,0.0,1
724,Dimitri Foulquier,1809,6.59,85.14530844334945,0.0,1
725,Rober Pier,2855,6.59,87.62921904080815,0.0,1
726,Enes Ünal,2152,6.59,85.95982214786983,0.0,1
727,Douglas Luiz,1487,6.58,84.88846340925778,0.0,0
728,Gustavo Cabral,1898,6.58,85.86445504936825,0.0,0
729,Tomás Vaclik,2970,6.58,88.41010721043489,0.0,1
730,Óscar De Marcos,2427,6.57,87.62845888567557,0.0,1
731,Jordi Masip,3150,6.57,89.34534928908153,0.0,1
732,Markel Susaeta,1380,6.57,85.14217361269345,0.0,0
733,Aleix García,1667,6.56,86.3315059723422,0.0,1
734,Martín Aguirregabiria,2034,6.56,87.2030118894238,0.0,1
735,Andrés Guardado,2340,6.55,88.43746308401671,0.0,1
736,Héctor Moreno,1929,6.55,87.4614714439063,0.0,0
737,Rubén Blanco,2250,6.53,89.23934325578773,0.0,1
738,Álvaro Medrán,1148,6.53,86.62245082901956,0.0,0
739,Keko,1545,6.53,87.56519701180264,0.0,1
740,Javi Moyano,2108,6.52,89.40993981590509,0.0,1
741,Ferrán Torres,843,6.51,86.91377576326317,0.0,1
742,Hernán Pérez,798,6.51,86.80691536471096,0.0,0
743,Damián Musto,1689,6.51,88.92275125604527,0.0,1
744,Manu Trigueros,1549,6.51,88.59029668277168,0.0,1
745,Borja Mayoral,1614,6.5,89.2524510762293,0.0,1
746,David Ferreiro,2277,6.5,90.82686094823225,0.0,1
747,Mubarak Wakaso,1668,6.49,89.88848403892962,0.0,2
748,Loren Morón,1960,6.48,91.0896897761952,0.0,2
749,Juanmi,1522,6.48,90.04958189695344,0.0,0
750,Francisco Portillo,1992,6.47,91.67347987738128,0.0,2
751,Álex Gallar,1004,6.47,89.32730046027876,0.0,2
752,Iago Herrerín,2790,6.46,94.07627142947871,0.0,2
753,Víctor Sánchez,1258,6.46,90.4382685276558,0.0,2
754,Ángel Rodríguez,1821,6.46,91.77521084732047,0.0,2
755,Gonzalo Melero,1347,6.45,91.15741513367459,0.0,2
756,Pablo De Blasis,1517,6.45,91.56110997264972,0.0,2
757,Sergio Postigo,1451,6.44,91.91218187254418,0.0,2
758,Pione Sisto,835,6.44,90.44938175014022,0.0,2
759,Marko Dmitrovic,2160,6.44,93.59582681862281,0.0,2
760,Darko Brasanac,1582,6.44,92.22326436610734,0.0,0
761,Mikel San José,1717,6.44,92.5438455617641,0.0,2
762,Sergio García,1487,6.43,92.50547067582374,0.0,0
763,Kevin Gameiro,1606,6.43,92.78805706310635,0.0,2
764,Anuar Mohamed,1082,6.41,92.55932805772903,0.0,2
765,Antoñito,1855,6.41,94.39495223730415,0.0,2
766,Nabil El Zhar,956,6.4,92.76791942622043,0.0,0
767,Pablo Piatti,735,6.39,92.75091661999056,0.0,2
768,Jonás Ramalho,1620,6.38,95.36030494262229,0.0,2
769,Kike García,1296,6.37,95.09871055748391,0.0,2
770,Álvaro García,1759,6.34,97.72158677812354,0.0,2
771,Sandro Ramírez,1051,6.33,96.54811699200604,0.0,2
772,Borja Bastón,1449,6.31,98.50883881918793,0.0,2
773,Patrick Roberts,596,6.28,98.00664205105534,0.0,2
774,Borja Fernández,842,6.27,99.09861271424535,0.0,0
775,Jozabed Sánchez,1159,6.27,99.85138485515779,0.0,2
776,Daniele Verde,643,6.27,98.6260522850921,0.0,0
777,Aritz Aduriz,941,6.25,100.34930655993571,0.0,2
778,Anthony Lozano,725,6.15,104.91438149126225,0.0,2
779,Fernandinho,2382,7.31,49.94436263873132,0.0,1
780,David Silva,2412,7.26,52.55460532662147,0.0,1
781,Luka Milivojevic,3420,7.19,58.50288164525574,0.0,1
782,Sol Bamba,2477,7.15,58.294764564456386,0.0,1
783,Etienne Capoue,2947,7.13,60.426463029321894,0.0,1
784,Matt Doherty,3147,7.12,61.40919861843628,0.0,1
785,James Tarkowski,3087,7.11,61.77451857147099,0.0,1
786,Shane Duffy,3088,7.11,61.776893246994405,0.0,1
787,Troy Deeney,2548,7.11,60.49456846436749,0.0,1
788,Son Heung-Min,2049,7.1,59.81740586263709,0.0,1
789,David Luiz,3239,7.08,63.65887070433837,0.0,0
790,Philip Billing,2192,7.08,61.17258543135631,0.0,1
791,Shkodran Mustafi,2617,7.05,63.70522398210733,0.0,1
792,Salomón Rondón,2609,7.05,63.68622657792025,0.0,1
793,Jan Bednarek,2151,7.04,63.10642567264853,0.0,1
794,José Holebas,2394,7.0,65.71467376258153,0.0,1
795,Andros Townsend,3018,6.98,68.21207225804801,0.0,1
796,Nacho Monreal,1861,6.97,65.97237316193156,0.0,0
797,Steve Cook,2787,6.96,68.67912318102202,0.0,1
798,Sean Morrison,3040,6.96,69.27991608843797,0.0,1
799,Joshua King,2974,6.96,69.12318750389466,0.0,1
800,Hugo Lloris,2970,6.96,69.11368880180112,0.0,1
801,Isaac Hayden,1864,6.96,66.48729767293946,0.0,1
802,Matt Ritchie,2940,6.95,69.55024902053736,0.0,1
803,Ayoze Pérez,2928,6.95,69.52175291425675,0.0,0
804,Jamie Vardy,2733,6.94,69.56649167163482,0.0,1
805,Michail Antonio,2101,6.92,69.08129770973215,0.0,1
806,James Milner,1787,6.91,68.84345007982756,0.0,1
807,Luke Shaw,2592,6.91,70.75506387615093,0.0,1
808,Nathan Redmond,3278,6.91,72.38409128519174,0.0,1
809,Arthur Masuaku,1758,6.9,69.28238497408717,0.0,1
810,Jan Vertonghen,1915,6.89,70.1630095156961,0.0,1
811,Nathaniel Mendez-Laing,987,6.88,68.46711111443432,0.0,1
812,Séamus Coleman,2560,6.88,72.20247571271591,0.0,1
813,Pierre-Emile Højbjerg,2764,6.87,73.19471000392377,0.0,1
814,James Ward-Prowse,1942,6.87,71.2427267237029,0.0,1
815,Ashley Young,2569,6.87,72.73164827686406,0.0,1
816,Wes Morgan,1926,6.87,71.20473191532875,0.0,1
817,Ben Mee,3420,6.86,75.26029763170084,0.0,1
818,Mario Lemina,1616,6.85,71.48418347195553,0.0,1
819,Jonny,2780,6.85,74.24830578117343,0.0,1
820,James Tomkins,2563,6.85,73.73300119259932,0.0,1
821,Ruben Loftus-Cheek,985,6.85,69.98576321670078,0.0,1
822,Danny Rose,1798,6.84,72.42417490164888,0.0,1
823,Marko Arnautovic,2001,6.84,72.90623403289567,0.0,0
824,Danny Ings,1668,6.83,72.6232675680468,0.0,0
825,Callum Paterson,1996,6.82,73.90996162415422,0.0,1
826,Calum Chambers,2587,6.82,75.3133948584736,0.0,1
827,James McArthur,3072,6.8,77.4807134561899,0.0,1
828,Jamaal Lascelles,2748,6.8,76.7113185866138,0.0,1
829,Ashley Westwood,2822,6.8,76.88704457534413,0.0,1
830,Solly March,2475,6.79,76.57083265316794,0.0,1
831,Robert Snodgrass,2224,6.78,76.48258958123648,0.0,1
832,Mesut Özil,1742,6.78,75.33799597896586,0.0,1
833,Kurt Zouma,2613,6.78,77.40633835983249,0.0,1
834,Zanka,2148,6.77,76.80991472589716,0.0,1
835,Joe Bennett,2641,6.77,77.98062975892503,0.0,1
836,Ryan Bennett,3060,6.77,78.97561880322252,0.0,1
837,Nemanja Matic,2441,6.76,78.0134951386861,0.0,1
838,Oriol Romeu,2142,6.76,77.30346715719458,0.0,1
839,Abdoulaye Doucouré,3062,6.76,79.48816863870701,0.0,1
840,Ashley Barnes,2388,6.75,78.39543782038447,0.0,1
841,Moussa Sissoko,2337,6.75,78.27432936869195,0.0,1
842,Charlie Taylor,3240,6.75,80.41866136630688,0.0,1
843,Johann Gudmundsson,1749,6.74,77.38582064538042,0.0,1
844,Pablo Zabaleta,2092,6.74,78.2003343499008,0.0,1
845,Naby Keita,1394,6.74,76.54281083457943,0.0,1
846,Angelo Ogbonna,1871,6.74,77.67553105923315,0.0,1
847,Paul Dummett,1987,6.74,77.95099341994558,0.0,1
848,Aaron Mooy,2327,6.73,79.26618358233355,0.0,1
849,Neil Etheridge,3420,6.72,82.36950441382908,0.0,1
850,Will Hughes,2436,6.72,80.0328236988201,0.0,1
851,Lewis Dunk,3153,6.72,81.7354660490858,0.0,1
852,Mamadou Sakho,2417,6.72,79.98770486387582,0.0,1
853,Víctor Camarasa,2579,6.72,80.37240229866387,0.0,1
854,Patrick van Aanholt,3198,6.71,82.35012693207574,0.0,1
855,Adam Smith,2073,6.71,79.67861696826975,0.0,1
856,Juan Mata,1295,6.7,78.33891989551546,0.0,1
857,Steve Mounie,1778,6.69,79.99368865774721,0.0,1
858,Dan Gosling,1738,6.69,79.8987016368119,0.0,1
859,André-Frank Zambo Anguissa,1519,6.69,79.37864769719096,0.0,1
860,Ben Davies,1839,6.69,80.13854386467358,0.0,1
861,Bruno Ecuele Manga,3374,6.69,83.78367079306662,0.0,1
862,Pascal Groß,1878,6.68,80.73895669452327,0.0,1
863,Aaron Cresswell,1591,6.68,80.05742481931236,0.0,1
864,Marc Albrighton,1627,6.68,80.14291313815414,0.0,1
865,Chris Wood,2596,6.67,82.95177420475005,0.0,1
866,Christian Kabasele,1587,6.67,80.55572660165654,0.0,1
867,Jeffrey Schlupp,1667,6.66,81.25350112796485,0.0,1
868,Roberto Pereyra,2825,6.66,84.00337538404244,0.0,1
869,Craig Cathcart,3099,6.66,84.65403647744944,0.0,1
870,Dale Stephens,2487,6.66,83.20073505713896,0.0,1
871,André Gomes,1986,6.65,82.51882310436179,0.0,0
872,Glenn Murray,2513,6.65,83.77027710518468,0.0,1
873,Davy Pröpper,2551,6.65,83.86051477507323,0.0,1
874,Mark Noble,2308,6.65,83.28346862289112,0.0,1
875,Anthony Knockaert,1833,6.64,82.66329823372195,0.0,1
876,Matthew Lowton,1748,6.64,82.46145081423435,0.0,1
877,Sam Vokes,916,6.63,80.99352126321736,0.0,1
878,Kepa Arrizabalaga,3240,6.63,86.51226717955967,0.0,1
879,Denis Odoi,2594,6.62,85.4860272758919,0.0,1
880,Dominic Calvert-Lewin,1776,6.61,84.05134318220229,0.0,1
881,Cyrus Christie,1945,6.61,84.452663345654,0.0,1
882,Ryan Bertrand,2160,6.61,84.9632185831814,0.0,1
883,Sead Kolasinac,1891,6.61,84.32443086739136,0.0,1
884,Aron Gunnarsson,2275,6.61,85.23630626837041,0.0,1
885,Jonathan Hogg,2377,6.6,85.98632365619329,0.0,1
886,Adrian Mariappa,1924,6.6,84.91059564410074,0.0,1
887,Tom Cairney,2200,6.6,85.5660060885545,0.0,1
888,Chicharito,1339,6.59,84.02921094735939,0.0,0
889,André Schürrle,1650,6.59,84.76773503513152,0.0,1
890,Christopher Schindler,3262,6.59,88.59571197882502,0.0,1
891,Alex McCarthy,2250,6.58,86.70034083359911,0.0,1
892,Jack Cork,3313,6.58,89.22462091495532,0.0,1
893,Mohamed Diamé,2166,6.57,87.00866857407254,0.0,0
894,Kiko Femenía,2046,6.55,87.73930848014209,0.0,1
895,Jean Michael Seri,2252,6.55,88.228491637959,0.0,1
896,Matteo Guendouzi,2144,6.55,87.97202668143365,0.0,1
897,Lee Peltier,1543,6.54,87.05264717631815,0.0,1
898,Kasper Schmeichel,3420,6.54,91.50991313370821,0.0,1
899,Kenedy,1345,6.53,87.09026190712603,0.0,1
900,Jack Stephens,1699,6.52,88.4386975268414,0.0,1
901,Alex Pritchard,2092,6.51,89.87974549196866,0.0,1
902,Theo Walcott,2124,6.51,89.95573510871691,0.0,1
903,Demarai Gray,1996,6.51,89.65177664172393,0.0,1
904,Shane Long,1271,6.5,88.43793737170887,0.0,1
905,DeAndre Yedlin,2475,6.5,91.29704670186214,0.0,1
906,Jordan Ayew,1187,6.5,88.23846462774469,0.0,1
907,Fernando Llorente,685,6.49,87.55417799944405,0.0,0
908,Luciano Vietto,987,6.48,88.77913049194348,0.0,0
909,David Junior Hoilett,2143,6.46,92.53985636584986,0.0,2
910,Joe Ralls,1960,6.45,92.61309122950843,0.0,2
911,Conor Coady,3420,6.45,96.08011749364778,0.0,2
912,Charlie Daniels,1586,6.45,91.72496258376316,0.0,2
913,Pedro Obiang,1121,6.44,91.12853894982777,0.0,0
914,Christian Atsu,1488,6.44,92.00004486690938,0.0,2
915,Cenk Tosun,1050,6.44,90.95993698766756,0.0,2
916,Olivier Giroud,834,6.43,90.95480755905459,0.0,2
917,Mat Ryan,3060,6.41,97.25643624298078,0.0,2
918,Bobby De Cordova-Reid,1423,6.41,93.3690924112027,0.0,2
919,Junior Stanislas,1027,6.4,92.93652138838064,0.0,2
920,Harry Arter,2009,6.39,95.77625323678063,0.0,2
921,Nampalys Mendy,2089,6.37,96.98182824752672,0.0,2
922,Hélder Costa,1346,6.36,95.7252448180908,0.0,2
923,Andre Gray,1362,6.35,96.27104011090273,0.0,2
924,Chris Löwe,2057,6.35,97.92143959965398,0.0,2
925,Ivan Cavaleiro,687,6.35,94.66813413261912,0.0,2
926,Isaac Success,1039,6.32,97.02742137016315,0.0,2
927,Gaëtan Bong,1805,6.31,99.35422330551233,0.0,2
928,Tim Ream,2051,6.3,100.44619396870229,0.0,2
929,Jürgen Locadia,1230,6.27,100.019986817318,0.0,2
930,Jeff Hendrick,2071,6.27,102.01708893248315,0.0,2
931,Charlie Austin,981,6.27,99.42869261199559,0.0,0
932,Asmir Begovic,2160,6.25,103.24403602293972,0.0,2
933,Kelechi Iheanacho,931,6.22,101.84896125801504,0.0,2
934,Laurent Depoitre,1062,6.22,102.16004375157826,0.0,2
935,Morgan Gibbs-White,651,6.2,102.19965308034324,0.0,2
936,Elias Kachunga,1182,6.14,106.50740868988606,0.0,2
937,Isaac Mbenza,984,6.14,106.03722293625623,0.0,0
938,Lys Mousset,351,6.11,106.05745478326787,0.0,0
939,Shinji Okazaki,271,6.1,106.37528122583501,0.0,0
940,Cristiano RonaldoJuventus,2689,7.68,31.884770100213927,0.0,1
941,Alejandro Gómez,2913,7.64,34.44789935520265,0.0,1
942,Mario MandzukicJuventus,2020,7.34,47.56132864595344,0.0,1
943,Leonardo Pavoletti,2738,7.32,50.281946640617946,0.0,1
944,Stephan El Shaarawy,2109,7.26,51.835078643036354,0.0,0
945,Edin Dzeko,2576,7.24,53.95965308133174,0.0,1
946,João CanceloJuventus,1967,7.2,54.54467762534239,0.0,1
947,Cristian Ansaldi,1816,7.19,54.69390210574926,0.0,0
948,Alex SandroJuventus,2392,7.15,58.092917144968794,0.0,1
949,Aleksandar Kolarov,2906,7.12,60.83690181730094,0.0,1
950,Robin Gosens,1947,7.11,59.067388474814265,0.0,1
951,Erick Pulgar,2363,7.11,60.055253492541624,0.0,0
952,Fabio Quagliarella,3211,7.11,62.06897833637049,0.0,1
953,Lucas Leiva,1988,7.11,59.164750171273,0.0,1
954,Kevin Malcuit,1806,7.11,58.73255922601726,0.0,1
955,Paulo DybalaJuventus,2137,7.08,61.04197827757025,0.0,1
956,Federico Fazio,2805,7.07,63.13606201162787,0.0,1
957,Miralem PjanicJuventus,2288,7.03,63.939556703789776,0.0,1
958,Senad Lulic,2930,7.02,65.97189887423946,0.0,1
959,Dennis Praet,2896,6.99,67.41456135975756,0.0,0
960,Giorgio ChielliniJuventus,1990,6.98,65.77090582001023,0.0,1
961,Emre CanJuventus,1807,6.98,65.33634019923113,0.0,1
962,Salvatore Sirigu,3170,6.98,68.57302293760227,0.0,1
963,Ismael Bennacer,2960,6.96,69.08994204656733,0.0,1
964,Roberto Gagliardini,1085,6.96,64.63742544022404,0.0,1
965,Nicolas Nkoulou,3215,6.94,70.71108527390544,0.0,1
966,Samir,1800,6.93,67.85871989275608,0.0,1
967,Nicola Murru,2937,6.93,70.55872596284269,0.0,1
968,Rodrigo Palacio,2335,6.92,69.63697178220377,0.0,1
969,Rade Krunic,2784,6.91,71.21100157664051,0.0,1
970,Hans Hateboer,2973,6.91,71.65981525055992,0.0,1
971,Danilo D'Ambrosio,2581,6.89,71.74454341426923,0.0,1
972,Kostas Manolas,2328,6.89,71.14375050685334,0.0,1
973,Mattia De SciglioJuventus,1742,6.89,69.75219065015085,0.0,1
974,Soualiho Meité,2663,6.88,72.44706729162436,0.0,1
975,Daniele Baselli,2390,6.88,71.79878087374078,0.0,1
976,Ola Aina,2160,6.88,71.2526055033627,0.0,0
977,Luis Muriel,1444,6.87,70.06013831305813,0.0,0
978,Vitor Hugo,2469,6.87,72.49418072452579,0.0,0
979,Alessio gnoli,2849,6.86,73.90435790784909,0.0,1
980,Luigi Sepe,3330,6.85,75.55437731903413,0.0,1
981,Juan CuadradoJuventus,1224,6.85,70.55331066678934,0.0,1
982,Berat Djimsiti,1805,6.85,71.93299714587494,0.0,1
983,Blaise MatuidiJuventus,2428,6.85,73.41241999694256,0.0,1
984,Lorenzo Tonelli,1653,6.85,71.57204646632067,0.0,1
985,Marco Parolo,2562,6.85,73.7306265170759,0.0,1
986,Ricardo Rodríguez,3052,6.84,75.40201800797126,0.0,1
987,Rodrigo BentancurJuventus,1996,6.84,72.89436065527877,0.0,1
988,Wojciech SzczesnyJuventus,2520,6.84,74.13869062953148,0.0,1
989,José Luis Palomino,2262,6.84,73.52602434449864,0.0,1
990,Thiago Cionek,2548,6.83,74.71298202862391,0.0,1
991,Gregoire Defrel,2343,6.82,74.73397403076814,0.0,1
992,Raúl Albiol,1712,6.81,73.74335425995116,0.0,0
993,Rafael Tolói,1748,6.81,73.82884257879294,0.0,1
994,Mohamed Fares,2947,6.81,76.67607853132927,0.0,0
995,Leonardo BonucciJuventus,2471,6.8,76.05353346663668,0.0,1
996,Daniele De Rossi,1273,6.8,73.20867218962371,0.0,0
997,Karol Linetty,2519,6.79,76.6753183761968,0.0,1
998,Pol Lirola,2976,6.78,78.26834557482056,0.0,1
999,Samir Handanovic,3420,6.78,79.32270150720268,0.0,1
1000,Roberto Inglese,1968,6.78,75.8746726472504,0.0,1
1001,Kevin Bonifazi,2303,6.78,76.67018894758377,0.0,1
1002,Manuel Locatelli,1851,6.77,76.1046360954524,0.0,0
1003,Gianluca Caprari,1034,6.76,74.6723266772861,0.0,1
1004,Luca Cigarini,1688,6.76,76.22536446957866,0.0,1
1005,Gastón Ramírez,1587,6.76,75.98552224171698,0.0,1
1006,Mattia Bani,2612,6.76,78.41956465318464,0.0,1
1007,Giovanni Di Lorenzo,3330,6.75,80.63238216341136,0.0,1
1008,Mateo Musacchio,2610,6.73,79.93821675545098,0.0,1
1009,Francesco Vicari,2339,6.72,79.80248017305195,0.0,1
1010,Gian Marco Ferrari,2790,6.72,80.87345883409773,0.0,1
1011,Valon Behrami,1368,6.72,77.49667023984694,0.0,0
1012,Stefan Radu,2254,6.72,79.60063275356435,0.0,1
1013,Ibrahima Mbaye,2009,6.72,79.01883725033554,0.0,1
1014,Francesco Caputo,3420,6.71,82.8773048982668,0.0,1
1015,Marco Sportiello,3150,6.71,82.23614250695334,0.0,1
1016,Andrea Consigli,3214,6.71,82.38812174044989,0.0,1
1017,Camillo Ciano,2463,6.71,80.60474042238917,0.0,1
1018,Davide Biraschi,2844,6.7,82.01729228123583,0.0,1
1019,Lorenzo De Silvestri,2427,6.7,81.02705258798511,0.0,1
1020,Miha Zajc,1165,6.7,78.03021207747565,0.0,1
1021,João Mário,1081,6.7,77.83073933351147,0.0,1
1022,Seko Fofana,2646,6.69,82.05490701204371,0.0,1
1023,Stefano Sorrentino,2789,6.69,82.39448561188749,0.0,1
1024,Bartosz Bereszynski,2199,6.69,80.99342705309147,0.0,1
1025,Mário Rui,1419,6.69,79.14118014485268,0.0,1
1026,Gerson,2435,6.69,81.55385047660991,0.0,0
1027,Federico BernardeschiJuventus,1476,6.68,79.78433713412329,0.0,1
1028,Felipe Caicedo,1378,6.68,79.55161893283173,0.0,1
1029,Darko Lazovic,2550,6.68,82.3347386462367,0.0,0
1030,Jacopo Sala,1517,6.67,80.38949931501969,0.0,0
1031,Bram Nuytinck,2128,6.67,81.84042605980676,0.0,1
1032,Hamed Junior Traore,2269,6.67,82.17525530860382,0.0,1
1033,João Pedro,2571,6.65,83.90800828554086,0.0,1
1034,Riccardo Meggiorini,1550,6.65,81.48346457616674,0.0,1
1035,Marlon Santos,1511,6.64,81.89865271519261,0.0,1
1036,Artur Ionita,2979,6.64,85.38467638351898,0.0,1
1037,Marco D'Alessandro,1497,6.63,82.37320774230295,0.0,1
1038,Luca Ceppitelli,2054,6.63,83.69590200882732,0.0,1
1039,Emiliano Moretti,2010,6.63,83.59141628579846,0.0,0
1040,Ionut Radu,2970,6.63,85.87110478824621,0.0,0
1041,Ionut Radu,2970,6.63,85.87110478824621,0.0,0
1042,Adam Marusic,2114,6.63,83.83838254023033,0.0,1
1043,Emil Audero,3240,6.63,86.51226717955967,0.0,0
1044,Lorenzo Ariaudo,1684,6.62,83.32507254961331,0.0,1
1045,Antonino Barillà,2623,6.62,85.55489286607002,0.0,1
1046,Edoardo Goldaniga,2610,6.62,85.52402208426605,0.0,1
1047,Ignazio Abate,1306,6.62,82.4274452017745,0.0,0
1048,Rogerio,2670,6.61,86.17430310010678,0.0,1
1049,Paolo Faragò,1697,6.61,83.863743815855,0.0,1
1050,Blerim Dzemaili,1750,6.61,83.98960161859429,0.0,1
1051,Alex Berenguer,1479,6.6,83.85386503619526,0.0,1
1052,Luca Siligardi,1645,6.6,84.24806117307685,0.0,1
1053,Andrea Masiello,1842,6.6,84.71587225118333,0.0,1
1054,Raffaele Maiello,2046,6.59,85.70810654239119,0.0,1
1055,Pasquale Schiattarella,1843,6.59,85.22604741114446,0.0,0
1056,Andrea Poli,1947,6.58,85.980814150014,0.0,1
1057,Keita,884,6.58,83.45653406865779,0.0,1
1058,Mehdi Léris,1613,6.58,85.18767252520405,0.0,1
1059,Andrea Pinamonti,1622,6.57,85.71684508935215,0.0,1
1060,Mario Pasalic,1619,6.57,85.70972106278202,0.0,1
1061,Luca Rossettini,1822,6.57,86.19178019402881,0.0,0
1062,Filip Helander,1712,6.56,86.43836637089441,0.0,0
1063,Simone Iacoponi,3350,6.56,90.32808487819591,0.0,1
1064,Kevin Lasagna,2451,6.55,88.70105206711224,0.0,1
1065,Fabio Pisacane,2266,6.55,88.26173709528638,0.0,1
1066,Jens Stryger Larsen,3236,6.54,91.0729728374057,0.0,1
1067,Alessandro Bastoni,1686,6.54,87.39222577616192,0.0,1
1068,Juan Jesus,1400,6.53,87.2208690609121,0.0,1
1069,Daniel Bessa,2444,6.53,89.70003030732403,0.0,1
1070,Filippo gna,1473,6.52,87.9020208585568,0.0,1
1071,Pawel Jaroszynski,1350,6.52,87.60993576918071,0.0,1
1072,Edimilson Fernandes,1975,6.5,90.1097089401706,0.0,0
1073,Daniel Ciofani,1631,6.5,89.29282056012681,0.0,1
1074,Matteo Scozzarella,1469,6.5,88.90812312533876,0.0,1
1075,Sergio Floccari,975,6.49,88.24283390122514,0.0,2
1076,Bastos,1137,6.49,88.62753133601319,0.0,2
1077,Francesco Magnanelli,1859,6.49,90.34204706389579,0.0,2
1078,Simone Zaza,1424,6.48,89.81686369566188,0.0,0
1079,Fabio Depaoli,2468,6.48,92.29602494207381,0.0,2
1080,Goran Pandev,1122,6.47,89.60751217203796,0.0,2
1081,Borja Valero,1227,6.46,90.3646535864309,0.0,2
1082,Domenico Maietta,1719,6.44,92.54859491281087,0.0,2
1083,Etrit Berisha,1620,6.43,92.82130252043368,0.0,2
1084,Marko Pjaca,746,6.43,90.74583611299687,0.0,2
1085,Sasa Lukic,982,6.43,91.30625953651531,0.0,2
1086,Kevin Mirallas,1300,6.42,92.56920683738883,0.0,0
1087,Esteban Rolón,1043,6.42,91.9589152278794,0.0,2
1088,Sergio Pellissier,954,6.41,92.255369590736,0.0,2
1089,Simone Padoin,1914,6.41,94.5350580931838,0.0,0
1090,Perparim Hetemaj,2161,6.41,95.1216029474594,0.0,2
1091,Mattia Valoti,1227,6.41,92.90365600861958,0.0,0
1092,Mirco Antenucci,2126,6.4,95.54628978857863,0.0,0
1093,Bryan Dabo,822,6.4,92.44971290608709,0.0,2
1094,Ladislav Krejci,1063,6.39,93.5298101916602,0.0,2
1095,Antonio Candreva,493,6.38,92.68404562776959,0.0,2
1096,Pedro Pereira,1379,6.36,95.80360911036246,0.0,2
1097,Francesco Cassata,1130,6.36,95.21231490504005,0.0,2
1098,Manuel Pasqual,1339,6.36,95.70862208942714,0.0,2
1099,Sofian Kiyine,809,6.34,95.46564503090957,0.0,2
1100,Marcello Gazzola,915,6.32,96.73296160526365,0.0,2
1101,Patrick Cutrone,1438,6.31,98.48271738843073,0.0,0
1102,Musa Barrow,592,6.3,96.98154238008635,0.0,2
1103,Nicola Rigoni,1958,6.3,100.22534914502762,0.0,2
1104,Frederic Veseli,2537,6.29,102.10808675750417,0.0,2
1105,Francesco Zampano,2104,6.28,101.58765274031703,0.0,2
1106,Alessandro Matri,596,6.23,100.54564447324401,0.0,2
1107,Jakub Jankto,949,6.15,105.44630880850008,0.0,0
1108,Flavien Tait,2995,7.3,51.90783921900288,0.0,0
1109,Allan Saint-Maximin,2914,7.21,56.28569486154845,0.0,0
1110,Max-Alain Gradel,3240,7.14,60.61444247323544,0.0,1
1111,Lucas Ocampos,2715,7.14,59.36773782345932,0.0,0
1112,Ruben Aguilar,2531,7.13,59.438598011594536,0.0,0
1113,Youssouf Kone,1711,7.13,57.49136408242043,0.0,1
1114,Mathieu Debuchy,1948,7.12,58.561962665899955,0.0,1
1115,Kenny LalaStrasbourg,3060,7.11,61.71040233233964,0.0,1
1116,Hiroki Sakai,2373,7.09,61.094601216650915,0.0,1
1117,Christophe Herelle,2938,7.07,63.4518938562378,0.0,1
1118,Thiago Silva,2079,7.06,61.919848066089514,0.0,1
1119,Nicolas Pallois,2160,7.04,63.127797752359015,0.0,1
1120,Gaetan Laborde,2916,7.04,64.92305244803663,0.0,1
1121,Renaud Ripart,3009,7.03,65.65169775614896,0.0,1
1122,Dani Alves,1625,7.02,62.872947316224554,0.0,0
1123,Marcus Thuram,2583,7.0,66.16348743650093,0.0,1
1124,Ellyes Skhiri,3092,7.0,67.37219727790296,0.0,0
1125,Tanguy Ndombele,2693,6.99,66.93250222851077,0.0,1
1126,Ismaila Sarr,2795,6.99,67.17471913189587,0.0,1
1127,Pablo MartinezStrasbourg,2818,6.98,67.7371371533714,0.0,1
1128,Yunis Abdelhamid,3420,6.97,69.67449230288582,0.0,1
1129,Frederic Guilbert,2917,6.97,68.4800305146241,0.0,1
1130,Ole Selnaes,1674,6.97,65.52830883905892,0.0,1
1131,Bouna Sarr,2244,6.96,67.38967437182504,0.0,1
1132,Loic Perrin,2702,6.96,68.47727576153449,0.0,1
1133,Cheikh N'Doye,2336,6.96,67.60814451997624,0.0,1
1134,Jonas MartinStrasbourg,2061,6.96,66.95510875104594,0.0,1
1135,Moussa Dembele,2017,6.95,67.3584235124548,0.0,1
1136,Fode Ballo-Toure,1595,6.94,66.86411092602486,0.0,1
1137,Alexander Djiku,2755,6.94,69.61873453314922,0.0,1
1138,Xavier Chavalerin,3240,6.94,70.77045216199002,0.0,1
1139,Pedro Mendes,2669,6.93,69.922312922576,0.0,1
1140,Ludovic AjorqueStrasbourg,1536,6.93,67.23180555458293,0.0,1
1141,Jacques-Alaixys o,3165,6.92,71.60795246661172,0.0,1
1142,Fode Ballo-Toure,1595,6.9,68.89531286377576,0.0,1
1143,Diego Carlos,3149,6.9,72.58555862711307,0.0,0
1144,Mehmet Zeki Çelik,2976,6.89,72.68254024600554,0.0,1
1145,Faycal Fajr,3240,6.89,73.3094545841787,0.0,1
1146,Vincent Manceau,2790,6.89,72.24085059865632,0.0,1
1147,Anthony Briancon,2927,6.88,73.07398162979752,0.0,1
1148,Issiaga Sylla,1995,6.88,70.86078404200447,0.0,1
1149,Pedro Rebocho,3240,6.87,74.32505555305414,0.0,1
1150,Dante,3227,6.87,74.29418477125017,0.0,1
1151,Pierrick Capelle,1845,6.87,71.01238319793475,0.0,1
1152,Ramy Bensebaini,2154,6.86,72.25395841909784,0.0,0
1153,Christopher Jullien,3016,6.86,74.30092872025403,0.0,0
1154,Stéphane Ruffier,3330,6.86,75.04657683459635,0.0,1
1155,Pierre Lees-Melou,2393,6.85,73.32930635362419,0.0,1
1156,Radamel Falcao,2565,6.85,73.73775054364609,0.0,1
1157,Sofiane Alakouch,1901,6.85,72.16096599611967,0.0,1
1158,Félix Eboa Eboa,2427,6.85,73.4100453214192,0.0,1
1159,Otávio,2880,6.85,74.48577333351176,0.0,1
1160,Thomas Monconduit,2821,6.84,74.85346796206977,0.0,1
1161,Björn Engels,2970,6.83,75.71509509949158,0.0,0
1162,Enock Kwateng,2040,6.83,73.50664686274536,0.0,0
1163,Andrei Girotto,1478,6.83,72.17207921860404,0.0,1
1164,Ibrahima SissokoStrasbourg,2669,6.82,75.50811825139101,0.0,1
1165,Hilton,3233,6.82,76.8474352465791,0.0,1
1166,Júlio Tavares,2804,6.82,75.82869944704771,0.0,1
1167,Brice Samba,3420,6.81,77.79930005388951,0.0,1
1168,in Thomas,2395,6.81,75.36525764242185,0.0,1
1169,Kamil Glik,2970,6.81,76.73069606836708,0.0,1
1170,Alphonse Areola,1890,6.8,74.67384698755109,0.0,1
1171,Ludovic Butelle,3240,6.8,77.87965894411826,0.0,1
1172,Daniel Congré,3293,6.8,78.00551674685755,0.0,1
1173,Nuno da CostaStrasbourg,2055,6.8,75.06566844890932,0.0,1
1174,Valère Germain,2170,6.8,75.33875613409833,0.0,1
1175,Adrien Tameze,2951,6.8,77.19337771786053,0.0,1
1176,Baptiste Santamaría,3248,6.79,78.40645683274306,0.0,1
1177,Mathieu Cafaro,2103,6.79,75.68745335846938,0.0,1
1178,Mexer,2472,6.78,77.07150911103548,0.0,0
1179,Hamari Traoré,2973,6.77,78.76902203268821,0.0,1
1180,Ambroise Oyongo,2141,6.77,76.7932919972335,0.0,1
1181,Fouad Chafik,1854,6.77,76.11176012202253,0.0,1
1182,Jordan Lefort,1805,6.76,76.5032015058145,0.0,1
1183,Anthony GonçalvesStrasbourg,1061,6.75,75.24424340085511,0.0,1
1184,Paul Bernardoni,3420,6.75,80.84610296051585,0.0,1
1185,Benoit Costil,3330,6.74,81.14018264784909,0.0,1
1186,Jordan Ferri,1877,6.74,77.68977911237346,0.0,0
1187,Lima,2495,6.74,79.15732858582419,0.0,1
1188,Nicolas Benezet,1667,6.74,77.19109725246301,0.0,1
1189,Valentin Rosier,1458,6.74,76.69479006807592,0.0,0
1190,Remi Oudin,2627,6.74,79.47078575491076,0.0,1
1191,Robert Beric,1172,6.74,76.01563286838837,0.0,1
1192,Sada Thioub,2482,6.73,79.63425828845794,0.0,0
1193,Mehdi Abeid,2027,6.73,78.55378092531862,0.0,0
1194,Timothée Kolodziejczak,3184,6.73,81.30128050587285,0.0,1
1195,Maxime Poundjé,2536,6.72,80.27029125115843,0.0,1
1196,Kalifa Coulibaly,1751,6.72,78.40617096530269,0.0,1
1197,in Hamouma,1595,6.72,78.03572158365495,0.0,1
1198,Luiz Gustavo,2434,6.72,80.02807434777333,0.0,0
1199,Wesley Lautoa,3025,6.72,81.43150758209276,0.0,1
1200,Lionel CaroleStrasbourg,1728,6.71,78.8593539127026,0.0,1
1201,Abdoulaye Bamba,2574,6.71,80.8683294054847,0.0,1
1202,Maxime Lopez,2188,6.71,79.95170465345882,0.0,1
1203,Mateo Pavlovic,2491,6.71,80.67123133704388,0.0,1
1204,Matz SelsStrasbourg,3330,6.71,82.66358410116231,0.0,1
1205,Ciprian Tatarusanu,2391,6.71,80.4337637847056,0.0,0
1206,Adrien ThomassonStrasbourg,2490,6.7,81.17665714595825,0.0,1
1207,Alexis Blin,1999,6.7,80.01069146397714,0.0,0
1208,Dimitri LienardStrasbourg,1292,6.7,78.33179586894528,0.0,1
1209,Jemerson,2226,6.69,81.05754329222282,0.0,1
1210,Ludovic Blas,2379,6.69,81.42086864730044,0.0,1
1211,Lucas Deaux,1197,6.69,78.61400217866162,0.0,1
1212,Paul Baysse,1789,6.69,80.01981008850441,0.0,1
1213,Anthony CaciStrasbourg,2301,6.68,81.74344444091435,0.0,1
1214,Angelo Fulgini,1637,6.67,80.67446037782571,0.0,1
1215,Antonin Bobichon,2155,6.67,81.90454229893811,0.0,0
1216,Lukas Lerager,1300,6.67,79.87419472644558,0.0,0
1217,Kelvin Amian,2880,6.66,84.13398253782856,0.0,1
1218,François Moubandje,1935,6.65,82.39771465266926,0.0,0
1219,Benjamin Jeannot,1448,6.64,81.74904815721948,0.0,0
1220,Benjamin Jeannot,1448,6.64,81.74904815721948,0.0,0
1221,Faitout Maouassa,2138,6.64,83.38757426835377,0.0,1
1222,Cédric Yambéré,2803,6.64,84.96673349140355,0.0,0
1223,Oussama Haddadi,2678,6.64,84.66989905098063,0.0,0
1224,Kévin Monnet-Paquet,1483,6.64,81.83216180053785,0.0,1
1225,Pierre-Yves Polomat,949,6.63,81.07188555548902,0.0,0
1226,John Stiven Mendoza,1884,6.63,83.29220716985219,0.0,1
1227,Adrien Hunou,1241,6.62,82.2730912927546,0.0,1
1228,Régis Gurtner,3420,6.62,87.44750925820637,0.0,1
1229,Neven Subotic,2153,6.61,84.94659585451768,0.0,0
1230,Arnaud Nordin,1048,6.61,82.32257940117938,0.0,1
1231,Rachid Alioui,1239,6.61,82.77614242614555,0.0,0
1232,Diego Benaglio,2057,6.61,84.71862700427295,0.0,1
1233,Fabio,1287,6.6,83.39792733570573,0.0,1
1234,Andreas Cornelius,783,6.6,82.20109087192066,0.0,1
1235,Younousse Sankharé,1482,6.59,84.36878954720316,0.0,1
1236,Nicolas de Preville,1270,6.59,83.86535833624595,0.0,1
1237,Gabriel Silva,1433,6.59,84.25243044655736,0.0,1
1238,Tristan Dingome,1356,6.58,84.57738091569462,0.0,1
1239,Djibril Sidibé,2072,6.58,86.27764859043691,0.0,1
1240,Stefan MitrovicStrasbourg,3028,6.58,88.54783839079113,0.0,1
1241,Jimmy Durmaz,1905,6.58,85.88107777803191,0.0,0
1242,Gabriel Boschilia,1322,6.57,85.00444243233727,0.0,1
1243,Moussa Konaté,1882,6.57,86.33426072543176,0.0,1
1244,Marc-Aurèle Caillard,1890,6.57,86.35325812961884,0.0,1
1245,Jordan Marié,1805,6.56,86.65921119456908,0.0,1
1246,Lebogang Phiri,1932,6.56,86.9607949860387,0.0,1
1247,Prince,2622,6.55,89.10712158161078,0.0,1
1248,Bakaye Dibassy,2941,6.55,89.86464307357,0.0,1
1249,Lebo MothibaStrasbourg,1769,6.55,87.08152336016497,0.0,1
1250,Ismael Traoré,2636,6.55,89.14036703893811,0.0,1
1251,Yannis Salibur,883,6.54,85.48536133088533,0.0,1
1252,Kalidou Sidibe,1271,6.54,86.40673543395792,0.0,1
1253,Claudio Beauvue,1498,6.54,86.94578677776587,0.0,1
1254,Majeed Waris,2256,6.54,88.74579082449026,0.0,1
1255,Pablo Chavarria,1978,6.53,88.5934315134275,0.0,1
1256,Yaya Sanogo,1243,6.53,86.84804500374094,0.0,1
1257,Tomás Koubek,2925,6.53,90.84224923407129,0.0,1
1258,in Del Castillo,1339,6.52,87.58381433842351,0.0,1
1259,Baptiste Guillaume,1189,6.52,87.22761300991601,0.0,1
1260,Paul Lasne,1781,6.51,89.14122140419653,0.0,0
1261,Wesley Said,2261,6.51,90.28106565542043,0.0,1
1262,Gaetan Paquiez,1326,6.51,88.0607440410572,0.0,1
1263,Lamine KonéStrasbourg,2148,6.51,90.01272732127813,0.0,1
1264,Khaled Adénon,1996,6.51,89.65177664172393,0.0,0
1265,Jérémy Sorbon,2644,6.5,91.69836686531386,0.0,1
1266,Jaroslav Plasil,1445,6.5,88.85113091277753,0.0,0
1267,Lois Diony,1598,6.49,89.72225675229282,0.0,2
1268,Emil Krafth,2973,6.49,92.98743559694458,0.0,0
1269,Emil Krafth,2973,6.49,92.98743559694458,0.0,0
1270,in Amalfitano,2530,6.48,92.44325482452359,0.0,2
1271,Steve Mandanda,2737,6.48,92.93481265786386,0.0,2
1272,Cheick Traoré,1505,6.48,90.00921241305593,0.0,2
1273,Christophe Kerbrat,2098,6.47,91.92519548285986,0.0,2
1274,Suk Hyun-Jun,785,6.47,88.80724652065788,0.0,2
1275,Rui Fonte,620,6.47,88.41542505929965,0.0,2
1276,Eddy Gnahore,2244,6.47,92.27189810927382,0.0,2
1277,Jessy Deminguet,1275,6.46,90.4786380115533,0.0,2
1278,Thomas Mangani,1598,6.46,91.24565820560605,0.0,2
1279,Malik Tchokounte,1468,6.46,90.93695038756624,0.0,2
1280,Samuel Moutoussamy,1652,6.45,91.88169116830647,0.0,2
1281,Saif-Eddine Khaoui,1362,6.44,91.70083575096311,0.0,2
1282,Benoit Badiashile Mukinayi,1763,6.44,92.65308063583973,0.0,2
1283,Étienne Didot,2106,6.42,94.48319530923561,0.0,2
1284,Mehdi Zeffane,1215,6.41,92.87515990233902,0.0,0
1285,Marcus Coco,1841,6.41,94.36170677997683,0.0,2
1286,Luiz Araújo,768,6.41,91.81367994338677,0.0,2
1287,Yannick Cahuzac,1428,6.4,93.88876627325726,0.0,0
1288,Umut Bozok,1241,6.4,93.44470195038463,0.0,0
1289,Jeremy Gelin,1270,6.39,94.02136802500053,0.0,2
1290,James Lea Siliki,1219,6.39,93.900259573308,0.0,2
1291,Kévin ZohiStrasbourg,623,6.39,92.48495296137168,0.0,2
1292,Bassem Srarfi,813,6.38,93.44394179525216,0.0,2
1293,Chang-Hoon Kwon,936,6.37,94.24382736906603,0.0,2
1294,Theo Valls,1772,6.36,96.736856591052,0.0,2
1295,Thiago Maia,1015,6.36,94.93922721985098,0.0,2
1296,Yoel Armougom,1850,6.36,96.92208128187588,0.0,2
1297,Remi Walter,828,6.35,95.00296338141612,0.0,2
1298,Jean-Victor Makengo,1025,6.35,95.4707744595226,0.0,2
1299,Ismaël Diomandé,1297,6.31,98.14788813963372,0.0,2
1300,Jordan Ikoko,1707,6.29,100.13710607309622,0.0,2
1301,Mathieu Bodmer,1065,6.29,98.61256438708426,0.0,2
1302,Florent Balmont,1083,6.28,99.1631090309429,0.0,2
1303,Corentin Jean,623,6.26,99.08635925906219,0.0,2
1304,Wilfried Kanga,483,6.24,99.76950565466399,0.0,2
1305,Cristian,359,6.17,103.02964928082861,0.0,2
1306,Thiago Alcántara,2409,7.59,35.79006531360619,0.0,1
1307,Lukasz Piszczek,1759,7.41,43.38693494328635,0.0,1
1308,Daniel Caligiuri ,2760,7.28,52.3653914398833,0.0,1
1309,Max Kruse,2837,7.23,55.08724387737243,0.0,0
1310,Nils Petersen,1930,7.11,59.02701899091676,0.0,1
1311,William,2676,7.09,61.814127900235974,0.0,1
1312,Salif Sané ,2613,7.06,63.187924795576066,0.0,1
1313,Theodor Gebre Selassie,2815,7.03,65.19101070461267,0.0,1
1314,Raphael Guerreiro,1532,7.02,62.65210249254994,0.0,1
1315,Bastian Oczipka ,1876,7.0,64.48459184146907,0.0,1
1316,Michael Esser ,2880,6.98,67.88436703582119,0.0,1
1317,Aarón Martín ,2879,6.98,67.88199236029777,0.0,1
1318,Josuha Guilavogui,1572,6.97,65.28609193567388,0.0,1
1319,Julian Baumgartlinger,1557,6.96,65.75827228726081,0.0,1
1320,Maximilian Mittelstädt,1802,6.96,66.34006779048968,0.0,1
1321,Admir Mehmedi,1701,6.96,66.100225562628,0.0,1
1322,Lars Bender,1367,6.95,65.81488442225577,0.0,1
1323,Lars Stindl,1513,6.93,67.17718801754518,0.0,1
1324,Jean-Philippe Mateta ,2495,6.93,69.50911938150733,0.0,1
1325,Péter Gulácsi,2926,6.93,70.53260453208543,0.0,1
1326,Jonathan Schmid,2520,6.93,69.56848626959192,0.0,0
1327,Pavel Kaderábek,2509,6.92,70.05016532327244,0.0,1
1328,Jean-Paul Boëtius ,2130,6.9,70.16576426878567,0.0,1
1329,Janik Haberer,2343,6.89,71.17937063970408,0.0,1
1330,Rani Khedira,2627,6.89,71.85377848834486,0.0,1
1331,Yann Sommer,3060,6.88,73.38981347440745,0.0,1
1332,Sven Bender,1995,6.87,71.36858452644219,0.0,1
1333,Martin Hinteregger,1576,6.87,70.37359548214471,0.0,0
1334,Stefan Bell ,2250,6.87,71.97412678490491,0.0,1
1335,Makoto Hasebe,2520,6.87,72.61528917621831,0.0,1
1336,Robin Knoche,2790,6.86,73.76425205196949,0.0,1
1337,Alfred Finnbogason,1346,6.85,70.84302108064207,0.0,1
1338,Ewerton,1342,6.85,70.83352237854854,0.0,1
1339,Kevin Trapp,2938,6.84,75.13130499830561,0.0,0
1340,Salomon Kalou,2327,6.83,74.18817873795626,0.0,1
1341,Koen Casteels,2296,6.83,74.11456379673137,0.0,1
1342,Weston McKennie ,1746,6.82,73.3162927433084,0.0,1
1343,Stefan Posch,1404,6.82,72.50415371431143,0.0,1
1344,Dodi Lukébakio,1978,6.82,73.8672174647333,0.0,1
1345,Kaan Ayhan,2451,6.81,75.49823947173127,0.0,1
1346,Karim Onisiwo ,1153,6.81,72.41591064238003,0.0,1
1347,Pirmin Schwegler ,2081,6.8,75.12741001251726,0.0,1
1348,Jonathan de Guzmán,1564,6.79,74.40750325136594,0.0,1
1349,John Brooks,2610,6.78,77.39921433326236,0.0,1
1350,Timo Baumgartl,1620,6.78,75.04828556511308,0.0,1
1351,Matheus Pereira,1237,6.77,74.64658532409516,0.0,1
1352,Franck Ribéry,1168,6.77,74.48273271298171,0.0,0
1353,Alassane Pléa,2509,6.77,77.66717258983846,0.0,1
1354,Ludwig Augustinsson,3028,6.76,79.407429670912,0.0,1
1355,Ermin Bicakcic,1788,6.76,76.46283202191694,0.0,1
1356,Gian-Luca Waldschmidt,1719,6.75,76.80677989524122,0.0,1
1357,Jonas Hofmann,1917,6.75,77.27696564887106,0.0,1
1358,David Abraham,1422,6.75,76.10150126479641,0.0,1
1359,Niko Gießelmann,2593,6.75,78.88224630267803,0.0,1
1360,Evan Ndicka,2302,6.74,78.69901620981125,0.0,1
1361,Breel Embolo ,1351,6.74,76.44069978707392,0.0,1
1362,Nicolás González,2164,6.74,78.37131098758442,0.0,1
1363,Oliver Fink,1058,6.74,75.74491985872271,0.0,1
1364,Oliver Baumann,2970,6.73,80.79309994386887,0.0,1
1365,Hendrik Weydandt ,1720,6.73,77.82475553964002,0.0,1
1366,Walace ,1998,6.73,78.4849153351405,0.0,1
1367,Nabil Bentaleb ,1792,6.73,77.99573217732359,0.0,1
1368,Jeffrey Gouweleeuw,2093,6.72,79.21830999429972,0.0,1
1369,Emiliano Insúa,2119,6.72,79.28005155790765,0.0,1
1370,Rune Jarstein,2746,6.72,80.76897311106887,0.0,1
1371,Waldemar Anton ,3060,6.72,81.51462122541113,0.0,1
1372,Michael Rensing,2880,6.71,81.59498011563994,0.0,1
1373,Christoph Kramer,1136,6.71,77.45354600285981,0.0,1
1374,Oscar Wendt,2730,6.71,81.23877878713245,0.0,1
1375,Michael Gregoritsch,2494,6.71,80.67835536361406,0.0,1
1376,Ralf Fährmann ,1469,6.71,78.2443129521464,0.0,1
1377,Jean-Philippe Gbamin ,2674,6.7,81.6135974422607,0.0,1
1378,Jirí Pavlenka,2979,6.7,82.33787347689258,0.0,1
1379,Aleksandar Dragovic,1333,6.7,78.42915756540401,0.0,1
1380,Marco Richter,1433,6.7,78.66662511774229,0.0,1
1381,Genki Haraguchi ,2127,6.7,80.31464993097018,0.0,1
1382,Pierre Kunde ,1913,6.69,80.31426985340391,0.0,1
1383,Ádám Szalai,1621,6.69,79.62086460057606,0.0,0
1384,Tobias Strobl,2295,6.69,81.22139590333626,0.0,1
1385,Yannick Gerhardt,2462,6.69,81.6179667157412,0.0,1
1386,Danny Latza ,1873,6.69,80.2192828324686,0.0,1
1387,Mathew Leckie,940,6.68,78.51151105358997,0.0,1
1388,Vedad Ibisevic,1826,6.68,80.61547356730739,0.0,1
1389,Kevin Danso,1249,6.68,79.24528579031534,0.0,1
1390,Amine Harit ,1083,6.68,78.85108965343375,0.0,1
1391,Benjamin Stambouli ,1763,6.68,80.46586900933426,0.0,1
1392,Rouwen Hennings,1832,6.68,80.62972162044764,0.0,1
1393,Nicolas Höfler,1616,6.67,80.62459219183467,0.0,1
1394,Niklas Moisander,2639,6.66,83.56168573669322,0.0,1
1395,Alexander Schwolow,2970,6.66,84.34770333493299,0.0,1
1396,Moussa Niakhaté ,2790,6.66,83.92026174072407,0.0,1
1397,Robin Quaison ,2204,6.65,83.03650236845931,0.0,1
1398,Fabian Lustenberger,2171,6.65,82.95813807618765,0.0,0
1399,Marvin Plattenhardt,1926,6.64,82.88414305739656,0.0,1
1400,Gelson Fernandes,2236,6.64,83.62029246964534,0.0,1
1401,Georg Margreitter,2059,6.63,83.70777538644427,0.0,1
1402,Daniel Brosinski ,2206,6.63,84.05685268838158,0.0,1
1403,Eduard Löwen,1622,6.62,83.17784266716353,0.0,1
1404,n Bürki,2880,6.62,86.16518447557951,0.0,1
1405,Sebastian Langkamp,1411,6.62,82.67678613172973,0.0,1
1406,Lukás Hrádecky,2880,6.61,86.67298496001723,0.0,1
1407,Daniel Baier,2824,6.61,86.54000313070776,0.0,1
1408,Reiss Nelson,630,6.61,81.32996503240525,0.0,1
1409,Robin Koch,1899,6.61,84.34342827157838,0.0,1
1410,Ja-Cheol Koo,1644,6.61,83.73788601311571,0.0,1
1411,Manuel Gulde,1714,6.6,84.41191378419029,0.0,1
1412,Hanno Behrens,2643,6.6,86.61798734541321,0.0,1
1413,Mario Gomez,2216,6.6,85.6040008969286,0.0,1
1414,Milos Veljkovic,1878,6.6,84.80136057002511,0.0,1
1415,Felipe ,1098,6.6,82.94911366178633,0.0,1
1416,Jacob Bruun Larsen,1271,6.59,83.8677330117693,0.0,1
1417,Christian Günter,2880,6.59,87.68858592889273,0.0,1
1418,Pascal Stenzel,1453,6.59,84.29992395702504,0.0,1
1419,Suat Serdar ,1737,6.58,85.48213229010355,0.0,1
1420,Adam Bodzek,1604,6.57,85.67410092993129,0.0,1
1421,Renato Steffen,1507,6.57,85.44375740416314,0.0,1
1422,Matija Nastasic ,2451,6.57,87.68545109823674,0.0,1
1423,Patrick Herrmann,1075,6.56,84.92569806249941,0.0,1
1424,Tim Leibold,2768,6.55,89.45382420802468,0.0,1
1425,Christian Gentner,2024,6.55,87.68706561862768,0.0,1
1426,Alexander Nübel ,1589,6.55,86.65408176595605,0.0,1
1427,Mike Frantz,2233,6.54,88.69117328745244,0.0,1
1428,Santiago Ascacibar,2430,6.54,89.15898436555892,0.0,1
1429,Ondrej Petrák,1624,6.54,87.24499589371214,0.0,1
1430,Linton Maina ,1425,6.54,86.77243546455895,0.0,1
1431,Kevin Vogt,2395,6.54,89.07587072224055,0.0,1
1432,Elvis Rexhbecaj,1144,6.53,86.61295212692602,0.0,1
1433,Oliver Sorg ,1583,6.52,88.16323516612897,0.0,1
1434,Ron-Robert Zieler,3060,6.52,91.67063091416577,0.0,1
1435,Florent Muslija ,676,6.51,86.51720495085823,0.0,1
1436,Lukas Mühl,2790,6.51,91.53726900729009,0.0,1
1437,Takashi Usami,877,6.49,88.01011569993364,0.0,0
1438,Mark Uth ,1409,6.49,89.27344307837342,0.0,2
1439,Dominik Kohr,968,6.49,88.22621117256148,0.0,0
1440,Andreas Beck,1779,6.48,90.65987350646287,0.0,2
1441,Florian Müller ,2160,6.48,91.56462488087186,0.0,2
1442,Mijat Gacinovic,1623,6.47,90.79722460925291,0.0,2
1443,Anastasios Donis,961,6.45,90.24079038164876,0.0,2
1444,Stefan Ilsanker,928,6.44,90.67022657381483,0.0,2
1445,Marcin Kaminski,2430,6.44,94.23698920993621,0.0,2
1446,Mikael Ishak,1920,6.44,93.02590469301083,0.0,2
1447,Anthony Ujah ,724,6.43,90.69359325148247,0.0,2
1448,Patrick Erras,1219,6.43,91.86905763555711,0.0,2
1449,Sebastian Rudy ,1360,6.42,92.71168736879184,0.0,2
1450,Johannes Eggestein,1118,6.41,92.64481637657082,0.0,2
1451,Alexander Esswein,1259,6.4,93.48744610980555,0.0,2
1452,Matthias Ostrzolek ,1466,6.4,93.97900394314581,0.0,2
1453,Maximilian Philipp,761,6.4,92.30485769916072,0.0,0
1454,Guido Burgstaller ,1524,6.4,94.11673512350205,0.0,2
1455,Robert Bauer,1724,6.39,95.09947071261644,0.0,0
1456,Marvin Bakalorz ,1472,6.38,95.00885296516162,0.0,2
1457,Kevin Wimmer ,1679,6.38,95.50041079850195,0.0,2
1458,Florian Niederlechner,972,6.38,93.82151520347008,0.0,0
1459,Sebastian Kerk,1187,6.37,94.83987092543515,0.0,2
1460,Miiko Albornoz ,1660,6.37,95.9630924479954,0.0,2
1461,Alexandru Maxim ,565,6.36,93.8706232343286,0.0,2
1462,Yunus Malli,689,6.34,95.18068396810361,0.0,2
1463,Bobby Wood ,1186,6.33,96.86869818766274,0.0,2
1464,Fabian Johnson,1010,6.32,96.95855577998503,0.0,2
1465,Jetro Willems,720,6.31,96.77770036264167,0.0,2
1466,Federico Palacios,941,6.31,97.30250365330932,0.0,2
1467,Yuya Kubo,1363,6.31,98.30461672417698,0.0,2
1468,Sergio Córdova,516,6.29,97.30886752474697,0.0,2
1469,Lucas Höler,1004,6.27,99.4833101490334,0.0,2
1470,Erik Thommy,793,6.19,103.04465748910138,0.0,2
