,Mins,Rating,Market Value,Fee,Class
0,2710,8.48,135.0,0.0,1
1,2830,7.57,45.0,0.0,1
2,2262,7.51,22.0,0.0,1
3,2964,7.38,36.0,0.0,1
4,3204,7.29,117.0,0.0,0
5,1673,7.25,90.0,0.0,1
6,2743,7.24,45.0,0.0,1
7,2821,7.23,36.0,0.0,0
8,2009,7.2,13.0,0.0,0
9,3150,7.18,31.0,0.0,1
10,2925,7.17,81.0,0.0,1
11,2730,7.16,36.0,0.0,0
12,2316,7.15,54.0,0.0,1
13,1772,7.13,63.0,0.0,1
14,2227,7.09,54.0,0.0,1
15,2651,7.09,2.25,0.0,1
16,2588,7.09,63.0,0.0,1
17,2643,7.06,31.0,0.0,1
18,2401,7.06,45.0,0.0,0
19,1815,7.06,1.35,1.26,1
20,2106,7.04,45.0,0.0,1
21,1541,7.05,360.0,1.8,1
22,2618,7.03,18.0,0.0,1
23,1667,7.04,8.1,9.0,1
24,2988,7.01,45.0,0.0,1
25,2720,7.0,45.0,0.0,1
26,3040,7.0,45.0,0.0,1
27,1767,6.99,18.0,0.0,1
28,2508,6.98,18.0,0.0,0
29,2794,7.01,540.0,540.0,1
30,2614,6.98,22.0,0.0,1
31,2658,7.0,4.5,0.0,1
32,2930,6.97,19.0,0.0,1
33,2354,6.99,3.15,0.0,1
34,2964,6.95,36.0,0.0,0
35,2806,6.95,22.0,0.0,0
36,2164,6.93,19.0,0.0,1
37,2739,6.97,1.8,1.8,1
38,2625,6.93,18.0,0.0,1
39,1937,6.93,22.0,0.0,0
40,2023,6.93,81.0,0.0,1
41,1244,6.95,27.0,19.8,1
42,2821,6.94,2.7,0.0,0
43,2476,6.91,22.0,0.0,1
44,2089,6.91,45.0,0.0,1
45,3116,6.9,27.0,0.0,1
46,3330,6.9,90.0,0.0,1
47,3082,6.93,900.0,0.0,0
48,3082,6.93,900.0,0.0,0
49,3082,6.93,900.0,9.0,0
50,1794,6.88,54.0,0.0,1
51,3082,6.93,900.0,9.0,0
52,3150,6.87,18.0,0.0,1
53,2106,6.91,5.4,5.4,1
54,1771,6.91,16.2,9.9,1
55,2496,6.9,450.0,0.0,1
56,2515,6.9,720.0,0.0,1
57,1977,6.83,16.0,0.0,0
58,1474,6.89,36.0,36.0,1
59,3160,6.83,54.0,0.0,1
60,2978,6.89,720.0,900.0,1
61,1929,6.89,31.5,16.2,1
62,2182,6.89,3.15,2.25,1
63,2552,6.81,27.0,0.0,1
64,1841,6.81,22.0,0.0,1
65,2061,6.88,9.0,10.8,1
66,2061,6.88,9.0,6.3,1
67,2437,6.88,1.8,0.0,1
68,2533,6.88,1.8,1.35,1
69,1935,6.88,22.5,32.31,1
70,1779,6.78,54.0,0.0,1
71,2205,6.87,6.75,5.4,1
72,1829,6.87,58.5,63.0,1
73,2466,6.77,45.0,0.0,1
74,1248,6.76,40.0,0.0,1
75,1403,6.83,2.25,4.5,1
76,1822,6.75,22.0,0.0,1
77,1868,6.83,6.75,7.2,1
78,1755,6.74,22.0,0.0,1
79,2374,6.74,27.0,0.0,1
80,2149,6.83,16.2,16.2,1
81,2628,6.8,9.0,8.1,1
82,2387,6.79,22.5,18.0,1
83,1758,6.79,1.35,0.0,1
84,1860,6.71,27.0,0.0,0
85,2317,6.79,18.0,18.0,1
86,3211,6.78,4.5,9.0,1
87,2718,6.78,9.9,7.2,1
88,2343,6.77,1.62,1.35,1
89,3150,6.69,81.0,0.0,1
90,1602,6.68,36.0,0.0,1
91,2687,6.76,2.7,1.94,1
92,3330,6.76,3.6,2.7,1
93,1922,6.68,31.0,0.0,1
94,1188,6.66,54.0,0.0,1
95,2356,6.74,13.5,5.4,1
96,1701,6.64,18.0,0.0,1
97,1502,6.63,22.0,0.0,1
98,2430,6.71,58.5,31.5,1
99,1743,6.71,3.6,4.05,1
100,2766,6.7,7.2,4.05,1
101,2430,6.57,9.0,0.0,1
102,2327,6.68,1.8,0.0,0
103,2327,6.68,1.8,0.0,0
104,745,6.55,16.0,0.0,1
105,2482,6.67,3.6,0.0,1
106,2493,6.51,22.0,0.0,1
107,2155,6.66,270.0,0.0,1
108,2473,6.66,6.75,0.0,1
109,1574,6.65,9.0,13.5,1
110,2970,6.64,4.5,0.0,0
111,1815,6.63,1.8,1.35,1
112,2214,6.63,900.0,0.0,1
113,1637,6.6,2.7,2.7,1
114,1513,6.3,16.0,0.0,2
115,1590,6.6,5.4,9.0,1
116,1571,6.59,21.6,18.0,0
117,2926,7.81,135.0,0.0,0
118,2777,7.61,126.0,0.0,1
119,2356,6.58,4.5,0.0,0
120,3262,7.57,135.0,0.0,1
121,2356,6.58,4.5,0.0,0
122,2480,7.53,58.0,0.0,1
123,3385,7.44,90.0,0.0,1
124,3086,7.43,108.0,0.0,1
125,2427,7.38,135.0,0.0,1
126,2467,7.36,72.0,0.0,1
127,1065,6.57,2.25,3.6,1
128,3012,7.31,90.0,0.0,1
129,3135,7.27,36.0,0.0,0
130,2853,7.26,90.0,0.0,1
131,1867,7.26,90.0,0.0,1
132,3299,7.21,31.0,0.0,1
133,3041,7.21,49.0,0.0,1
134,1612,6.55,2.7,1.17,1
135,2620,7.2,72.0,0.0,1
136,2761,7.18,28.0,0.0,1
137,2507,7.17,63.0,0.0,1
138,3134,7.16,31.0,0.0,1
139,2826,7.14,27.0,0.0,0
140,2970,7.13,27.0,0.0,1
141,1296,6.51,900.0,675.0,1
142,3219,7.12,54.0,0.0,1
143,1890,6.5,900.0,810.0,1
144,2764,6.5,4.5,900.0,1
145,1535,7.11,31.0,0.0,1
146,1441,6.49,27.0,27.9,2
147,2278,7.1,31.0,0.0,0
148,2733,7.1,63.0,0.0,1
149,1747,6.48,6.3,5.4,2
150,2136,7.1,45.0,0.0,1
151,3173,7.08,27.0,0.0,1
152,2772,7.08,90.0,0.0,1
153,964,6.48,2.7,4.5,2
154,3125,7.07,31.0,0.0,1
155,2109,7.06,31.0,0.0,1
156,3057,7.05,67.0,0.0,1
157,3240,7.04,31.0,0.0,1
158,2502,7.03,36.0,0.0,1
159,3403,7.01,31.0,0.0,1
160,2599,7.01,63.0,0.0,0
161,2535,6.99,27.0,0.0,1
162,781,6.43,5.4,4.5,2
163,1781,6.97,16.0,0.0,1
164,2777,6.96,45.0,0.0,1
165,1263,6.38,9.0,6.3,2
166,1405,6.96,22.0,0.0,0
167,1639,6.34,1.35,1.8,2
168,2128,6.96,36.0,0.0,1
169,2345,6.95,72.0,0.0,1
170,1835,6.95,81.0,0.0,1
171,3005,6.93,45.0,0.0,1
172,3096,6.93,90.0,0.0,1
173,625,6.23,4.5,3.6,2
174,1624,6.9,54.0,0.0,1
175,2736,6.89,45.0,0.0,1
176,1645,6.88,22.0,0.0,1
177,2966,7.36,13.5,18.18,1
178,3125,7.34,18.0,19.8,1
179,2004,7.3,2.7,3.6,1
180,1763,6.87,54.0,0.0,1
181,3009,6.86,45.0,0.0,1
182,3412,6.86,31.0,0.0,1
183,3054,7.23,27.0,27.9,1
184,2850,7.2,9.0,22.5,1
185,2130,6.84,67.0,0.0,0
186,2924,6.84,36.0,0.0,1
187,1943,6.83,49.0,0.0,1
188,3169,7.12,4.5,10.8,1
189,2128,6.79,18.0,0.0,1
190,2874,6.78,45.0,0.0,1
191,2030,7.07,12.6,22.5,1
192,3040,7.06,9.0,5.04,1
193,1510,6.74,27.0,0.0,1
194,1599,7.03,0.0,0.0,1
195,3282,7.03,13.5,22.23,1
196,3420,7.02,4.5,7.2,1
197,1331,6.7,36.0,0.0,0
198,2014,6.98,4.5,3.6,1
199,2511,6.97,1.8,25.2,1
200,2602,6.68,31.0,0.0,1
201,1338,6.96,45.0,61.02,1
202,1983,6.67,31.0,0.0,1
203,3420,6.66,63.0,0.0,1
204,2013,6.95,40.5,40.5,1
205,1243,6.65,27.0,0.0,1
206,1745,6.65,31.0,0.0,0
207,1022,6.64,63.0,0.0,1
208,1751,6.9,5.4,9.0,1
209,2372,6.89,10.8,12.6,1
210,1976,6.62,28.0,0.0,0
211,2679,6.89,22.5,35.28,1
212,2970,6.89,19.8,22.5,1
213,3165,6.88,45.0,51.3,0
214,1995,6.88,13.5,3.6,1
215,877,6.6,31.0,0.0,1
216,1670,6.59,36.0,0.0,1
217,2610,6.57,10.0,0.0,1
218,1592,6.55,36.0,0.0,1
219,2083,6.84,12.6,11.7,1
220,3420,6.52,58.0,0.0,1
221,2278,6.83,4.5,10.17,1
222,2199,6.82,18.0,14.4,1
223,3420,6.5,36.0,0.0,1
224,3420,6.79,54.0,56.25,1
225,602,6.47,18.0,0.0,0
226,2298,6.42,31.0,0.0,2
227,1755,6.74,4.5,0.0,1
228,1755,6.74,4.5,0.0,1
229,2381,6.72,27.0,25.79,1
230,2252,6.72,3.6,3.6,1
231,2166,6.71,7.2,6.3,1
232,1059,6.71,16.2,13.23,1
233,2151,7.39,15.0,0.0,1
234,3031,7.39,29.0,0.0,1
235,3194,7.37,22.0,0.0,1
236,3420,6.69,2.7,2.52,1
237,3301,7.23,31.0,0.0,1
238,2833,6.68,18.0,22.5,1
239,2253,7.2,22.0,0.0,1
240,2080,7.16,58.0,0.0,1
241,2301,7.15,31.0,0.0,1
242,2405,7.15,58.0,0.0,1
243,2614,7.13,54.0,0.0,1
244,2398,7.13,36.0,0.0,1
245,2898,7.12,16.0,0.0,1
246,1715,6.66,0.0,0.0,1
247,2347,6.65,4.5,6.03,1
248,2657,7.08,45.0,0.0,1
249,3420,7.07,18.0,0.0,1
250,3134,7.06,67.0,0.0,1
251,2707,7.06,21.0,0.0,1
252,2003,7.05,25.0,0.0,1
253,2652,7.03,18.0,0.0,1
254,1771,6.63,7.2,15.21,1
255,3030,7.02,18.0,0.0,1
256,2977,7.0,21.0,0.0,1
257,1828,7.0,36.0,0.0,1
258,3420,6.62,3.6,3.6,1
259,2883,6.99,36.0,0.0,1
260,2885,6.98,21.0,0.0,1
261,3038,6.98,54.0,0.0,1
262,1897,6.61,10.8,9.63,1
263,2944,6.96,18.0,0.0,1
264,2858,6.96,36.0,0.0,1
265,2129,6.6,14.4,0.0,1
266,3021,6.95,27.0,0.0,0
267,2003,6.95,16.0,0.0,1
268,896,6.59,7.2,18.0,1
269,3010,6.94,27.0,0.0,1
270,2842,6.93,16.0,0.0,0
271,2722,6.58,9.0,18.0,1
272,2568,6.92,27.0,0.0,0
273,1980,6.91,27.0,0.0,1
274,3150,6.89,54.0,0.0,1
275,2185,6.89,22.0,0.0,1
276,1826,6.54,1.35,10.26,1
277,2777,6.52,4.5,2.25,1
278,1957,6.87,18.0,0.0,0
279,2252,6.86,19.0,0.0,1
280,1433,6.5,1.8,7.16,1
281,3092,6.85,49.0,0.0,1
282,1416,6.49,1.35,2.25,2
283,1415,6.49,16.2,0.0,2
284,2270,6.84,67.0,0.0,1
285,3330,6.45,14.4,16.2,2
286,2880,6.84,22.0,0.0,0
287,1954,6.84,16.0,0.0,1
288,1618,6.83,15.0,0.0,1
289,3043,6.81,18.0,0.0,0
290,1841,6.4,4.5,4.5,2
291,2054,6.33,900.0,0.0,2
292,3150,6.76,18.0,0.0,1
293,2017,6.75,20.0,0.0,1
294,3112,6.73,32.0,0.0,1
295,876,6.22,5.4,5.4,2
296,2109,6.72,16.0,0.0,1
297,2900,7.32,18.0,16.65,1
298,1991,7.25,18.0,27.0,1
299,1378,6.69,31.0,0.0,1
300,3274,7.24,7.65,8.73,1
301,1594,7.2,810.0,4.05,1
302,1594,7.2,13.5,31.5,1
303,1852,6.66,15.0,0.0,1
304,3071,7.15,3.6,0.0,1
305,2459,6.64,15.0,0.0,1
306,2852,7.06,11.7,8.78,1
307,2619,7.06,27.0,23.99,1
308,2296,6.6,16.0,0.0,1
309,3072,7.05,2.52,4.73,1
310,1919,7.03,9.0,13.77,1
311,2364,6.59,18.0,0.0,1
312,2561,7.02,4.5,4.77,1
313,1536,7.01,2.25,4.28,1
314,2652,6.99,4.05,2.34,1
315,1379,6.99,810.0,4.05,1
316,1379,6.99,13.5,31.5,1
317,534,6.53,9.0,0.0,1
318,2804,6.97,7.2,5.31,1
319,3310,6.95,9.0,9.45,1
320,2672,6.93,12.6,0.0,1
321,2063,6.92,1.8,5.85,1
322,3196,6.92,4.5,1.8,1
323,1972,6.89,40.5,34.2,1
324,2610,6.88,900.0,3.6,1
325,2310,6.88,6.3,0.0,1
326,3046,6.86,1.08,1.08,1
327,2866,7.89,10.0,0.0,0
328,2182,6.86,6.3,7.2,1
329,3332,7.62,67.0,0.0,0
330,2339,7.52,36.0,0.0,1
331,1676,7.44,36.0,0.0,1
332,2737,7.34,40.0,0.0,1
333,1991,7.31,54.0,0.0,0
334,2520,6.85,36.0,0.0,1
335,3132,7.27,11.0,0.0,0
336,3082,7.27,22.0,0.0,0
337,2880,7.25,22.0,0.0,1
338,2695,7.24,58.0,0.0,1
339,2625,7.19,40.0,0.0,1
340,2502,7.18,9.0,0.0,0
341,3081,6.82,6.3,9.0,0
342,3228,7.1,13.0,0.0,0
343,3081,6.82,6.3,9.0,0
344,2529,7.09,36.0,0.0,0
345,3081,6.82,6.3,9.0,0
346,3081,6.82,6.3,9.0,0
347,1887,7.07,67.0,0.0,1
348,2339,6.81,675.0,3.82,0
349,1615,7.07,27.0,0.0,1
350,2421,6.81,22.5,4.5,0
351,2466,7.06,13.0,0.0,1
352,3069,7.05,40.0,0.0,1
353,3150,7.05,9.0,0.0,1
354,1440,6.8,2.25,2.7,1
355,2750,6.78,1.98,0.0,1
356,2046,7.02,31.0,0.0,1
357,1765,6.74,4.5,7.2,1
358,2921,6.73,9.0,18.0,1
359,1685,6.94,40.0,0.0,0
360,2090,6.72,900.0,0.0,0
361,2125,6.93,13.0,0.0,1
362,2924,6.72,450.0,0.0,1
363,1857,6.91,22.0,0.0,0
364,2364,6.91,16.0,0.0,1
365,3263,6.91,9.0,0.0,1
366,1772,6.7,900.0,4.05,1
367,1155,6.88,13.0,0.0,0
368,3420,6.69,6.3,8.1,1
369,3330,6.86,12.0,0.0,0
370,2406,6.86,25.0,0.0,1
371,3067,6.68,1.8,2.97,1
372,2750,6.85,9.0,0.0,1
373,1143,6.68,13.5,0.0,1
374,3420,6.85,8.0,0.0,0
375,2995,6.85,16.0,0.0,1
376,1943,6.84,9.0,0.0,1
377,1341,6.66,13.5,15.53,1
378,1724,6.0,1.26,1.8,2
379,1414,6.64,630.0,180.0,1
380,2009,6.64,675.0,1.98,1
381,1912,6.81,11.0,0.0,1
382,3016,6.64,16.2,7.2,1
383,1337,6.64,22.5,12.6,1
384,2411,6.8,16.0,0.0,1
385,3420,6.79,19.0,0.0,1
386,1049,6.6,6.3,4.95,1
387,3330,6.75,22.0,0.0,0
388,2227,6.6,810.0,1.35,1
389,807,6.6,9.0,10.71,1
390,2313,6.58,900.0,450.0,1
391,1730,6.73,9.0,0.0,1
392,1315,6.58,18.0,8.1,1
393,3060,6.58,1.35,0.0,1
394,1764,6.57,900.0,0.0,0
395,2027,6.57,1.35,0.0,1
396,1276,6.71,13.0,0.0,1
397,1800,6.57,3.15,3.42,1
398,2435,6.71,13.0,0.0,1
399,1960,6.55,1.8,1.35,0
400,1911,6.71,9.0,0.0,1
401,1707,6.54,2.7,3.6,1
402,2430,6.54,2.25,8.1,1
403,1481,6.7,13.0,0.0,1
404,1451,6.54,1.26,1.17,0
405,1490,6.53,7.2,6.3,1
406,2006,6.69,27.0,0.0,1
407,2489,6.52,1.35,2.7,1
408,3060,6.68,22.0,0.0,1
409,2626,6.52,1.35,900.0,1
410,1515,6.5,540.0,4.5,1
411,1515,6.5,540.0,4.5,1
412,1011,6.67,15.0,0.0,1
413,1722,6.5,2.7,1.35,0
414,2264,6.65,9.0,0.0,1
415,2008,6.49,900.0,0.0,2
416,1259,6.49,2.25,0.0,0
417,701,6.48,22.5,22.05,2
418,2572,6.64,13.0,0.0,1
419,1008,6.46,13.5,22.5,2
420,1081,6.46,3.15,6.3,2
421,1261,6.46,1.35,0.0,2
422,1069,6.44,1.58,1.35,0
423,908,6.44,8.1,8.1,2
424,1091,6.43,1.8,8.1,2
425,1514,6.42,1.8,900.0,2
426,1729,6.59,18.0,0.0,1
427,1494,6.42,4.5,4.5,2
428,2476,6.35,3.6,2.25,2
429,640,6.35,16.2,12.6,2
430,1175,6.31,675.0,4.05,2
431,1183,6.18,1.8,1.8,0
432,852,6.15,3.15,3.6,2
433,2344,8.0,108.0,121.5,1
434,553,6.49,16.0,0.0,2
435,2261,7.48,720.0,2.7,1
436,2037,7.35,4.5,0.0,0
437,2825,7.25,9.0,6.3,1
438,3000,7.13,8.1,5.4,0
439,2580,7.05,1.13,2.34,1
440,3011,7.02,7.2,0.0,1
441,2959,7.65,58.0,0.0,1
442,1800,7.02,1.8,3.6,1
443,2290,7.01,6.3,1.8,0
444,2023,7.59,28.0,0.0,0
445,2044,7.01,9.0,0.0,1
446,1377,7.0,14.4,15.3,1
447,2414,7.56,19.0,0.0,1
448,2181,7.55,40.0,0.0,0
449,2464,7.52,90.0,0.0,1
450,3060,7.49,63.0,0.0,1
451,2878,7.44,34.0,0.0,0
452,1896,6.98,16.2,33.3,1
453,2050,7.41,18.0,0.0,1
454,2322,7.39,45.0,0.0,1
455,1392,7.34,54.0,0.0,1
456,1280,6.97,4.5,7.65,1
457,3112,6.97,1.8,0.0,1
458,2820,7.28,31.0,0.0,1
459,2454,7.27,31.0,0.0,1
460,1780,7.26,18.0,0.0,1
461,2961,7.26,34.0,0.0,1
462,2674,7.26,45.0,0.0,0
463,2901,7.25,81.0,0.0,1
464,1143,7.24,45.0,0.0,1
465,2136,7.21,31.0,0.0,0
466,2391,7.19,31.0,0.0,1
467,2431,7.19,40.0,0.0,1
468,2525,7.17,58.0,0.0,1
469,1776,7.17,31.0,0.0,0
470,1774,7.15,54.0,0.0,1
471,2122,7.13,19.0,0.0,1
472,2879,7.11,16.0,0.0,1
473,1740,7.11,27.0,0.0,1
474,2812,6.91,1.58,0.0,1
475,2404,7.09,34.0,0.0,1
476,2178,6.91,14.4,9.0,1
477,2395,7.06,19.0,0.0,1
478,1254,7.02,22.0,0.0,1
479,2575,7.02,15.0,0.0,1
480,1794,6.88,9.0,10.8,0
481,2534,7.01,49.0,0.0,1
482,2003,7.01,27.0,0.0,1
483,1897,7.0,13.0,0.0,1
484,1680,7.0,19.0,0.0,1
485,2874,6.88,4.95,0.0,1
486,2249,7.0,54.0,0.0,0
487,1559,6.98,18.0,0.0,1
488,2566,6.87,2.7,1.44,0
489,3053,6.98,27.0,0.0,1
490,2652,6.96,54.0,0.0,1
491,2939,6.95,36.0,0.0,1
492,2356,6.94,27.0,0.0,1
493,1838,6.84,10.8,4.5,1
494,1205,6.93,45.0,0.0,0
495,1267,6.92,25.0,0.0,1
496,2061,6.92,15.0,0.0,1
497,2668,6.83,3.6,3.6,1
498,1871,6.92,18.0,0.0,1
499,2626,6.91,27.0,0.0,1
500,2278,6.9,18.0,0.0,1
501,2815,6.82,630.0,4.5,1
502,1921,6.9,36.0,0.0,1
503,2542,6.9,22.0,0.0,0
504,1061,6.9,13.0,0.0,1
505,1313,6.88,24.0,0.0,1
506,2013,6.8,450.0,0.0,1
507,1694,6.87,13.0,0.0,1
508,3035,6.85,13.0,0.0,1
509,2640,6.79,1.58,2.7,0
510,1941,6.76,25.2,22.5,1
511,1827,6.75,10.8,18.0,1
512,2206,6.79,36.0,0.0,1
513,2575,6.78,15.0,0.0,1
514,2748,6.75,2.7,5.85,1
515,2880,6.73,3.15,3.15,1
516,1295,6.73,5.4,0.0,0
517,2606,6.73,31.0,0.0,1
518,2380,6.73,31.0,0.0,1
519,1878,6.72,15.0,0.0,1
520,2482,6.71,3.15,2.25,1
521,1256,6.72,15.0,0.0,1
522,1984,6.71,2.25,0.0,0
523,1456,6.71,22.0,0.0,1
524,1593,6.69,180.0,135.0,1
525,1833,6.69,1.58,3.6,1
526,1731,6.69,13.0,0.0,1
527,1546,6.65,9.0,17.1,1
528,1224,6.65,6.3,5.85,1
529,2072,6.65,19.0,0.0,1
530,2069,6.65,21.0,0.0,1
531,1600,6.64,450.0,0.0,1
532,1959,6.63,25.0,0.0,1
533,2301,6.63,22.5,27.0,1
534,2070,6.62,13.0,0.0,1
535,1131,6.62,450.0,0.0,0
536,1209,6.62,5.4,1.26,1
537,1552,6.61,6.3,9.0,0
538,1552,6.61,6.3,9.0,0
539,1552,6.61,6.3,9.0,0
540,1552,6.61,6.3,9.0,0
541,2705,6.61,4.5,3.6,1
542,1416,6.59,13.0,0.0,1
543,1336,6.59,1.22,3.15,1
544,2476,6.58,1.35,1.8,1
545,2180,6.57,2.7,1.92,1
546,2343,6.57,1.35,450.0,1
547,2493,6.57,2.7,0.0,1
548,746,6.56,0.0,0.0,1
549,1620,6.56,3.15,2.7,1
550,2501,6.55,2.25,0.0,1
551,1019,6.53,720.0,0.0,0
552,2273,6.5,3.6,2.7,1
553,1234,6.49,7.2,7.2,2
554,567,6.36,16.0,0.0,0
555,2303,6.34,16.0,0.0,2
556,452,6.32,14.0,0.0,2
557,1034,6.45,0.0,0.0,2
558,794,6.42,7.2,0.0,2
559,1538,6.42,3.15,0.0,2
560,1850,6.4,1.8,0.0,0
561,1850,6.4,1.8,0.0,0
562,913,6.39,2.25,1.8,2
563,1453,6.34,0.0,0.0,2
564,581,6.33,900.0,0.0,2
565,1440,6.25,1.98,1.13,2
566,2250,6.23,450.0,1.44,2
567,762,6.17,2.7,0.0,2
568,310,6.16,540.0,0.0,2
569,1864,7.29,4.95,4.95,1
570,2931,7.24,6.3,9.45,1
571,2121,7.17,1.8,0.0,1
572,2290,7.13,10.8,18.0,1
573,2873,7.11,18.0,18.0,1
574,2466,7.03,7.2,4.5,1
575,2026,7.01,3.6,0.0,1
576,2743,7.0,8.1,9.45,0
577,1227,6.99,12.6,14.4,1
578,2021,6.96,36.0,0.0,1
579,1487,6.91,4.05,900.0,1
580,1985,6.89,9.0,1.8,1
581,2823,6.89,13.5,12.15,1
582,2381,6.88,10.8,25.2,0
583,2050,6.87,1.35,2.7,1
584,924,6.86,45.0,57.6,1
585,3050,6.84,900.0,0.0,1
586,2111,6.76,10.8,10.8,1
587,1679,6.74,2.25,1.35,0
588,1934,6.71,900.0,450.0,1
589,3054,6.69,6.75,2.7,1
590,1275,6.68,3.15,12.6,1
591,1351,6.65,4.05,4.05,1
592,1262,6.64,5.18,2.52,1
593,1069,6.6,5.4,5.4,1
594,915,6.59,1.35,0.0,1
595,892,6.59,0.0,0.0,1
596,829,6.58,2.7,2.03,1
597,1527,6.58,900.0,0.0,1
598,1296,6.57,1.35,1.17,1
599,951,6.57,6.3,3.6,1
600,1694,6.55,7.2,4.5,1
601,863,6.5,2.25,0.0,1
602,1439,6.5,1.13,810.0,1
603,677,6.49,450.0,0.0,2
604,849,6.35,1.35,13.5,2
605,1545,6.35,4.5,2.7,2
606,3063,7.4,46.99131231021562,0.0,1
607,2379,7.17,57.04644539428938,0.0,1
608,2879,7.14,59.75718460929414,0.0,0
609,3213,7.1,62.581528171854984,0.0,1
610,2878,7.08,62.80161284039713,0.0,1
611,2681,7.08,62.33380176229065,0.0,1
612,3035,7.06,64.19003786644373,0.0,1
613,1702,7.04,62.04019636264957,0.0,1
614,2674,7.04,64.34838097137788,0.0,0
615,1254,7.04,60.97634172817391,0.0,1
616,2731,7.03,64.99153796064849,0.0,1
617,2100,7.03,63.49311770539373,0.0,1
618,1751,7.02,63.17215643217082,0.0,1
619,3138,6.98,68.49703332085397,0.0,1
620,2651,6.97,67.84836682540418,0.0,1
621,2038,6.96,66.90049121400813,0.0,0
622,2965,6.94,70.11741639305967,0.0,1
623,2067,6.93,68.49275825749936,0.0,1
624,2253,6.93,68.93444790484864,0.0,1
625,2714,6.93,70.02917332112821,0.0,1
626,2534,6.93,69.6017317269193,0.0,1
627,2137,6.92,69.16678602857394,0.0,1
628,1995,6.91,69.33738258869124,0.0,1
629,2985,6.89,72.70391232571603,0.0,1
630,2700,6.89,72.02712980155184,0.0,1
631,2880,6.89,72.45457139576081,0.0,1
632,3240,6.89,73.3094545841787,0.0,1
633,2132,6.88,71.18611458870794,0.0,1
634,1869,6.88,70.5615749260582,0.0,1
635,2016,6.87,71.41845271243324,0.0,1
636,2392,6.87,72.31133070922527,0.0,1
637,2290,6.87,72.06911380584023,0.0,1
638,1697,6.87,70.66093122047403,0.0,1
639,3121,6.87,74.04246916577154,0.0,1
640,3094,6.86,74.48615341107791,0.0,1
641,3197,6.86,74.73074498998642,0.0,1
642,2356,6.85,73.241443359259,0.0,1
643,2903,6.85,74.54039087054952,0.0,1
644,2020,6.85,72.44355238340228,0.0,1
645,1949,6.83,73.29055139011746,0.0,1
646,2387,6.83,74.33065926935927,0.0,1
647,1890,6.82,73.65824601867558,0.0,1
648,2981,6.81,76.75681749912434,0.0,1
649,1774,6.8,74.39838462683866,0.0,1
650,2593,6.8,76.34324388048941,0.0,1
651,2142,6.8,75.27226521944363,0.0,1
652,2639,6.8,76.45247895456504,0.0,1
653,2358,6.79,76.2929956169321,0.0,1
654,2113,6.78,76.21900059814095,0.0,1
655,1711,6.78,75.26438103774097,0.0,1
656,2434,6.78,76.98127144114693,0.0,0
657,2757,6.78,77.74829163519968,0.0,1
658,2291,6.78,76.64169284130315,0.0,1
659,1560,6.78,74.90580503371012,0.0,1
660,2777,6.77,78.30358563010509,0.0,1
661,2075,6.77,76.63656341269018,0.0,1
662,2729,6.77,78.18960120498275,0.0,1
663,3240,6.76,79.91086088186921,0.0,1
664,2333,6.76,77.75703018216075,0.0,0
665,2769,6.76,78.7923887103558,0.0,1
666,2790,6.75,79.3500573807845,0.0,1
667,1694,6.74,77.25521349159436,0.0,1
668,1709,6.74,77.2908336244451,0.0,0
669,2029,6.74,78.05072979192767,0.0,1
670,3150,6.74,80.71274105364012,0.0,1
671,3140,6.73,81.196794782844,0.0,1
672,2682,6.73,80.10919339313455,0.0,1
673,3130,6.73,81.1730480276102,0.0,0
674,2842,6.73,80.48914147687583,0.0,1
675,2862,6.73,80.53663498734352,0.0,1
676,2089,6.72,79.20881129220618,0.0,1
677,1738,6.72,78.37530018349872,0.0,0
678,1800,6.72,78.52253006594844,0.0,1
679,1820,6.72,78.57002357641613,0.0,1
680,3420,6.72,82.36950441382908,0.0,1
681,1682,6.72,78.24231835418925,0.0,1
682,2483,6.71,80.6522339328568,0.0,0
683,2554,6.71,80.82083589501701,0.0,1
684,2602,6.71,80.93482032013941,0.0,1
685,3102,6.71,82.12215808183095,0.0,1
686,2032,6.7,80.0890557562488,0.0,1
687,1950,6.7,79.89433236333139,0.0,1
688,1736,6.7,79.3861518013274,0.0,1
689,3061,6.7,82.53259686980999,0.0,1
690,2243,6.7,80.5901122916826,0.0,1
691,3060,6.7,82.53022219428658,0.0,0
692,1609,6.69,79.59236849429544,0.0,0
693,1609,6.69,79.59236849429544,0.0,0
694,2697,6.69,82.17601546373623,0.0,1
695,2678,6.69,82.13089662879196,0.0,1
696,1767,6.68,80.4753677114278,0.0,1
697,2045,6.68,81.13552750692827,0.0,1
698,1995,6.68,81.0167937307591,0.0,1
699,1407,6.67,80.12828500744757,0.0,1
700,2391,6.67,82.46496572245655,0.0,1
701,3061,6.67,84.05599832312322,0.0,1
702,1739,6.67,80.91667728121075,0.0,1
703,1976,6.67,81.47947538025255,0.0,0
704,1324,6.67,79.9311869390068,0.0,1
705,1498,6.66,80.85218096451308,0.0,1
706,2797,6.66,83.93688446938773,0.0,1
707,2967,6.66,84.34057930836286,0.0,1
708,1553,6.65,81.49058860273692,0.0,1
709,1697,6.65,81.83254187810405,0.0,1
710,1712,6.65,81.86816201095479,0.0,1
711,3056,6.65,85.05972591438166,0.0,1
712,1254,6.64,81.28836110568312,0.0,1
713,1774,6.64,82.52319237784235,0.0,1
714,1459,6.64,81.77516958797668,0.0,0
715,1459,6.64,81.77516958797668,0.0,0
716,1374,6.63,82.08112265292681,0.0,1
717,1895,6.63,83.31832860060939,0.0,1
718,1790,6.63,83.06898767065417,0.0,1
719,1223,6.63,81.72254664889596,0.0,1
720,1236,6.61,82.76901839957543,0.0,1
721,2833,6.61,86.56137521041819,0.0,1
722,2006,6.6,85.10531903701815,0.0,1
723,1784,6.59,85.08594155526487,0.0,1
724,1809,6.59,85.14530844334945,0.0,1
725,2855,6.59,87.62921904080815,0.0,1
726,2152,6.59,85.95982214786983,0.0,1
727,1487,6.58,84.88846340925778,0.0,0
728,1898,6.58,85.86445504936825,0.0,0
729,2970,6.58,88.41010721043489,0.0,1
730,2427,6.57,87.62845888567557,0.0,1
731,3150,6.57,89.34534928908153,0.0,1
732,1380,6.57,85.14217361269345,0.0,0
733,1667,6.56,86.3315059723422,0.0,1
734,2034,6.56,87.2030118894238,0.0,1
735,2340,6.55,88.43746308401671,0.0,1
736,1929,6.55,87.4614714439063,0.0,0
737,2250,6.53,89.23934325578773,0.0,1
738,1148,6.53,86.62245082901956,0.0,0
739,1545,6.53,87.56519701180264,0.0,1
740,2108,6.52,89.40993981590509,0.0,1
741,843,6.51,86.91377576326317,0.0,1
742,798,6.51,86.80691536471096,0.0,0
743,1689,6.51,88.92275125604527,0.0,1
744,1549,6.51,88.59029668277168,0.0,1
745,1614,6.5,89.2524510762293,0.0,1
746,2277,6.5,90.82686094823225,0.0,1
747,1668,6.49,89.88848403892962,0.0,2
748,1960,6.48,91.0896897761952,0.0,2
749,1522,6.48,90.04958189695344,0.0,0
750,1992,6.47,91.67347987738128,0.0,2
751,1004,6.47,89.32730046027876,0.0,2
752,2790,6.46,94.07627142947871,0.0,2
753,1258,6.46,90.4382685276558,0.0,2
754,1821,6.46,91.77521084732047,0.0,2
755,1347,6.45,91.15741513367459,0.0,2
756,1517,6.45,91.56110997264972,0.0,2
757,1451,6.44,91.91218187254418,0.0,2
758,835,6.44,90.44938175014022,0.0,2
759,2160,6.44,93.59582681862281,0.0,2
760,1582,6.44,92.22326436610734,0.0,0
761,1717,6.44,92.5438455617641,0.0,2
762,1487,6.43,92.50547067582374,0.0,0
763,1606,6.43,92.78805706310635,0.0,2
764,1082,6.41,92.55932805772903,0.0,2
765,1855,6.41,94.39495223730415,0.0,2
766,956,6.4,92.76791942622043,0.0,0
767,735,6.39,92.75091661999056,0.0,2
768,1620,6.38,95.36030494262229,0.0,2
769,1296,6.37,95.09871055748391,0.0,2
770,1759,6.34,97.72158677812354,0.0,2
771,1051,6.33,96.54811699200604,0.0,2
772,1449,6.31,98.50883881918793,0.0,2
773,596,6.28,98.00664205105534,0.0,2
774,842,6.27,99.09861271424535,0.0,0
775,1159,6.27,99.85138485515779,0.0,2
776,643,6.27,98.6260522850921,0.0,0
777,941,6.25,100.34930655993571,0.0,2
778,725,6.15,104.91438149126225,0.0,2
779,2382,7.31,49.94436263873132,0.0,1
780,2412,7.26,52.55460532662147,0.0,1
781,3420,7.19,58.50288164525574,0.0,1
782,2477,7.15,58.294764564456386,0.0,1
783,2947,7.13,60.426463029321894,0.0,1
784,3147,7.12,61.40919861843628,0.0,1
785,3087,7.11,61.77451857147099,0.0,1
786,3088,7.11,61.776893246994405,0.0,1
787,2548,7.11,60.49456846436749,0.0,1
788,2049,7.1,59.81740586263709,0.0,1
789,3239,7.08,63.65887070433837,0.0,0
790,2192,7.08,61.17258543135631,0.0,1
791,2617,7.05,63.70522398210733,0.0,1
792,2609,7.05,63.68622657792025,0.0,1
793,2151,7.04,63.10642567264853,0.0,1
794,2394,7.0,65.71467376258153,0.0,1
795,3018,6.98,68.21207225804801,0.0,1
796,1861,6.97,65.97237316193156,0.0,0
797,2787,6.96,68.67912318102202,0.0,1
798,3040,6.96,69.27991608843797,0.0,1
799,2974,6.96,69.12318750389466,0.0,1
800,2970,6.96,69.11368880180112,0.0,1
801,1864,6.96,66.48729767293946,0.0,1
802,2940,6.95,69.55024902053736,0.0,1
803,2928,6.95,69.52175291425675,0.0,0
804,2733,6.94,69.56649167163482,0.0,1
805,2101,6.92,69.08129770973215,0.0,1
806,1787,6.91,68.84345007982756,0.0,1
807,2592,6.91,70.75506387615093,0.0,1
808,3278,6.91,72.38409128519174,0.0,1
809,1758,6.9,69.28238497408717,0.0,1
810,1915,6.89,70.1630095156961,0.0,1
811,987,6.88,68.46711111443432,0.0,1
812,2560,6.88,72.20247571271591,0.0,1
813,2764,6.87,73.19471000392377,0.0,1
814,1942,6.87,71.2427267237029,0.0,1
815,2569,6.87,72.73164827686406,0.0,1
816,1926,6.87,71.20473191532875,0.0,1
817,3420,6.86,75.26029763170084,0.0,1
818,1616,6.85,71.48418347195553,0.0,1
819,2780,6.85,74.24830578117343,0.0,1
820,2563,6.85,73.73300119259932,0.0,1
821,985,6.85,69.98576321670078,0.0,1
822,1798,6.84,72.42417490164888,0.0,1
823,2001,6.84,72.90623403289567,0.0,0
824,1668,6.83,72.6232675680468,0.0,0
825,1996,6.82,73.90996162415422,0.0,1
826,2587,6.82,75.3133948584736,0.0,1
827,3072,6.8,77.4807134561899,0.0,1
828,2748,6.8,76.7113185866138,0.0,1
829,2822,6.8,76.88704457534413,0.0,1
830,2475,6.79,76.57083265316794,0.0,1
831,2224,6.78,76.48258958123648,0.0,1
832,1742,6.78,75.33799597896586,0.0,1
833,2613,6.78,77.40633835983249,0.0,1
834,2148,6.77,76.80991472589716,0.0,1
835,2641,6.77,77.98062975892503,0.0,1
836,3060,6.77,78.97561880322252,0.0,1
837,2441,6.76,78.0134951386861,0.0,1
838,2142,6.76,77.30346715719458,0.0,1
839,3062,6.76,79.48816863870701,0.0,1
840,2388,6.75,78.39543782038447,0.0,1
841,2337,6.75,78.27432936869195,0.0,1
842,3240,6.75,80.41866136630688,0.0,1
843,1749,6.74,77.38582064538042,0.0,1
844,2092,6.74,78.2003343499008,0.0,1
845,1394,6.74,76.54281083457943,0.0,1
846,1871,6.74,77.67553105923315,0.0,1
847,1987,6.74,77.95099341994558,0.0,1
848,2327,6.73,79.26618358233355,0.0,1
849,3420,6.72,82.36950441382908,0.0,1
850,2436,6.72,80.0328236988201,0.0,1
851,3153,6.72,81.7354660490858,0.0,1
852,2417,6.72,79.98770486387582,0.0,1
853,2579,6.72,80.37240229866387,0.0,1
854,3198,6.71,82.35012693207574,0.0,1
855,2073,6.71,79.67861696826975,0.0,1
856,1295,6.7,78.33891989551546,0.0,1
857,1778,6.69,79.99368865774721,0.0,1
858,1738,6.69,79.8987016368119,0.0,1
859,1519,6.69,79.37864769719096,0.0,1
860,1839,6.69,80.13854386467358,0.0,1
861,3374,6.69,83.78367079306662,0.0,1
862,1878,6.68,80.73895669452327,0.0,1
863,1591,6.68,80.05742481931236,0.0,1
864,1627,6.68,80.14291313815414,0.0,1
865,2596,6.67,82.95177420475005,0.0,1
866,1587,6.67,80.55572660165654,0.0,1
867,1667,6.66,81.25350112796485,0.0,1
868,2825,6.66,84.00337538404244,0.0,1
869,3099,6.66,84.65403647744944,0.0,1
870,2487,6.66,83.20073505713896,0.0,1
871,1986,6.65,82.51882310436179,0.0,0
872,2513,6.65,83.77027710518468,0.0,1
873,2551,6.65,83.86051477507323,0.0,1
874,2308,6.65,83.28346862289112,0.0,1
875,1833,6.64,82.66329823372195,0.0,1
876,1748,6.64,82.46145081423435,0.0,1
877,916,6.63,80.99352126321736,0.0,1
878,3240,6.63,86.51226717955967,0.0,1
879,2594,6.62,85.4860272758919,0.0,1
880,1776,6.61,84.05134318220229,0.0,1
881,1945,6.61,84.452663345654,0.0,1
882,2160,6.61,84.9632185831814,0.0,1
883,1891,6.61,84.32443086739136,0.0,1
884,2275,6.61,85.23630626837041,0.0,1
885,2377,6.6,85.98632365619329,0.0,1
886,1924,6.6,84.91059564410074,0.0,1
887,2200,6.6,85.5660060885545,0.0,1
888,1339,6.59,84.02921094735939,0.0,0
889,1650,6.59,84.76773503513152,0.0,1
890,3262,6.59,88.59571197882502,0.0,1
891,2250,6.58,86.70034083359911,0.0,1
892,3313,6.58,89.22462091495532,0.0,1
893,2166,6.57,87.00866857407254,0.0,0
894,2046,6.55,87.73930848014209,0.0,1
895,2252,6.55,88.228491637959,0.0,1
896,2144,6.55,87.97202668143365,0.0,1
897,1543,6.54,87.05264717631815,0.0,1
898,3420,6.54,91.50991313370821,0.0,1
899,1345,6.53,87.09026190712603,0.0,1
900,1699,6.52,88.4386975268414,0.0,1
901,2092,6.51,89.87974549196866,0.0,1
902,2124,6.51,89.95573510871691,0.0,1
903,1996,6.51,89.65177664172393,0.0,1
904,1271,6.5,88.43793737170887,0.0,1
905,2475,6.5,91.29704670186214,0.0,1
906,1187,6.5,88.23846462774469,0.0,1
907,685,6.49,87.55417799944405,0.0,0
908,987,6.48,88.77913049194348,0.0,0
909,2143,6.46,92.53985636584986,0.0,2
910,1960,6.45,92.61309122950843,0.0,2
911,3420,6.45,96.08011749364778,0.0,2
912,1586,6.45,91.72496258376316,0.0,2
913,1121,6.44,91.12853894982777,0.0,0
914,1488,6.44,92.00004486690938,0.0,2
915,1050,6.44,90.95993698766756,0.0,2
916,834,6.43,90.95480755905459,0.0,2
917,3060,6.41,97.25643624298078,0.0,2
918,1423,6.41,93.3690924112027,0.0,2
919,1027,6.4,92.93652138838064,0.0,2
920,2009,6.39,95.77625323678063,0.0,2
921,2089,6.37,96.98182824752672,0.0,2
922,1346,6.36,95.7252448180908,0.0,2
923,1362,6.35,96.27104011090273,0.0,2
924,2057,6.35,97.92143959965398,0.0,2
925,687,6.35,94.66813413261912,0.0,2
926,1039,6.32,97.02742137016315,0.0,2
927,1805,6.31,99.35422330551233,0.0,2
928,2051,6.3,100.44619396870229,0.0,2
929,1230,6.27,100.019986817318,0.0,2
930,2071,6.27,102.01708893248315,0.0,2
931,981,6.27,99.42869261199559,0.0,0
932,2160,6.25,103.24403602293972,0.0,2
933,931,6.22,101.84896125801504,0.0,2
934,1062,6.22,102.16004375157826,0.0,2
935,651,6.2,102.19965308034324,0.0,2
936,1182,6.14,106.50740868988606,0.0,2
937,984,6.14,106.03722293625623,0.0,0
938,351,6.11,106.05745478326787,0.0,0
939,271,6.1,106.37528122583501,0.0,0
940,2689,7.68,31.884770100213927,0.0,1
941,2913,7.64,34.44789935520265,0.0,1
942,2020,7.34,47.56132864595344,0.0,1
943,2738,7.32,50.281946640617946,0.0,1
944,2109,7.26,51.835078643036354,0.0,0
945,2576,7.24,53.95965308133174,0.0,1
946,1967,7.2,54.54467762534239,0.0,1
947,1816,7.19,54.69390210574926,0.0,0
948,2392,7.15,58.092917144968794,0.0,1
949,2906,7.12,60.83690181730094,0.0,1
950,1947,7.11,59.067388474814265,0.0,1
951,2363,7.11,60.055253492541624,0.0,0
952,3211,7.11,62.06897833637049,0.0,1
953,1988,7.11,59.164750171273,0.0,1
954,1806,7.11,58.73255922601726,0.0,1
955,2137,7.08,61.04197827757025,0.0,1
956,2805,7.07,63.13606201162787,0.0,1
957,2288,7.03,63.939556703789776,0.0,1
958,2930,7.02,65.97189887423946,0.0,1
959,2896,6.99,67.41456135975756,0.0,0
960,1990,6.98,65.77090582001023,0.0,1
961,1807,6.98,65.33634019923113,0.0,1
962,3170,6.98,68.57302293760227,0.0,1
963,2960,6.96,69.08994204656733,0.0,1
964,1085,6.96,64.63742544022404,0.0,1
965,3215,6.94,70.71108527390544,0.0,1
966,1800,6.93,67.85871989275608,0.0,1
967,2937,6.93,70.55872596284269,0.0,1
968,2335,6.92,69.63697178220377,0.0,1
969,2784,6.91,71.21100157664051,0.0,1
970,2973,6.91,71.65981525055992,0.0,1
971,2581,6.89,71.74454341426923,0.0,1
972,2328,6.89,71.14375050685334,0.0,1
973,1742,6.89,69.75219065015085,0.0,1
974,2663,6.88,72.44706729162436,0.0,1
975,2390,6.88,71.79878087374078,0.0,1
976,2160,6.88,71.2526055033627,0.0,0
977,1444,6.87,70.06013831305813,0.0,0
978,2469,6.87,72.49418072452579,0.0,0
979,2849,6.86,73.90435790784909,0.0,1
980,3330,6.85,75.55437731903413,0.0,1
981,1224,6.85,70.55331066678934,0.0,1
982,1805,6.85,71.93299714587494,0.0,1
983,2428,6.85,73.41241999694256,0.0,1
984,1653,6.85,71.57204646632067,0.0,1
985,2562,6.85,73.7306265170759,0.0,1
986,3052,6.84,75.40201800797126,0.0,1
987,1996,6.84,72.89436065527877,0.0,1
988,2520,6.84,74.13869062953148,0.0,1
989,2262,6.84,73.52602434449864,0.0,1
990,2548,6.83,74.71298202862391,0.0,1
991,2343,6.82,74.73397403076814,0.0,1
992,1712,6.81,73.74335425995116,0.0,0
993,1748,6.81,73.82884257879294,0.0,1
994,2947,6.81,76.67607853132927,0.0,0
995,2471,6.8,76.05353346663668,0.0,1
996,1273,6.8,73.20867218962371,0.0,0
997,2519,6.79,76.6753183761968,0.0,1
998,2976,6.78,78.26834557482056,0.0,1
999,3420,6.78,79.32270150720268,0.0,1
1000,1968,6.78,75.8746726472504,0.0,1
1001,2303,6.78,76.67018894758377,0.0,1
1002,1851,6.77,76.1046360954524,0.0,0
1003,1034,6.76,74.6723266772861,0.0,1
1004,1688,6.76,76.22536446957866,0.0,1
1005,1587,6.76,75.98552224171698,0.0,1
1006,2612,6.76,78.41956465318464,0.0,1
1007,3330,6.75,80.63238216341136,0.0,1
1008,2610,6.73,79.93821675545098,0.0,1
1009,2339,6.72,79.80248017305195,0.0,1
1010,2790,6.72,80.87345883409773,0.0,1
1011,1368,6.72,77.49667023984694,0.0,0
1012,2254,6.72,79.60063275356435,0.0,1
1013,2009,6.72,79.01883725033554,0.0,1
1014,3420,6.71,82.8773048982668,0.0,1
1015,3150,6.71,82.23614250695334,0.0,1
1016,3214,6.71,82.38812174044989,0.0,1
1017,2463,6.71,80.60474042238917,0.0,1
1018,2844,6.7,82.01729228123583,0.0,1
1019,2427,6.7,81.02705258798511,0.0,1
1020,1165,6.7,78.03021207747565,0.0,1
1021,1081,6.7,77.83073933351147,0.0,1
1022,2646,6.69,82.05490701204371,0.0,1
1023,2789,6.69,82.39448561188749,0.0,1
1024,2199,6.69,80.99342705309147,0.0,1
1025,1419,6.69,79.14118014485268,0.0,1
1026,2435,6.69,81.55385047660991,0.0,0
1027,1476,6.68,79.78433713412329,0.0,1
1028,1378,6.68,79.55161893283173,0.0,1
1029,2550,6.68,82.3347386462367,0.0,0
1030,1517,6.67,80.38949931501969,0.0,0
1031,2128,6.67,81.84042605980676,0.0,1
1032,2269,6.67,82.17525530860382,0.0,1
1033,2571,6.65,83.90800828554086,0.0,1
1034,1550,6.65,81.48346457616674,0.0,1
1035,1511,6.64,81.89865271519261,0.0,1
1036,2979,6.64,85.38467638351898,0.0,1
1037,1497,6.63,82.37320774230295,0.0,1
1038,2054,6.63,83.69590200882732,0.0,1
1039,2010,6.63,83.59141628579846,0.0,0
1040,2970,6.63,85.87110478824621,0.0,0
1041,2970,6.63,85.87110478824621,0.0,0
1042,2114,6.63,83.83838254023033,0.0,1
1043,3240,6.63,86.51226717955967,0.0,0
1044,1684,6.62,83.32507254961331,0.0,1
1045,2623,6.62,85.55489286607002,0.0,1
1046,2610,6.62,85.52402208426605,0.0,1
1047,1306,6.62,82.4274452017745,0.0,0
1048,2670,6.61,86.17430310010678,0.0,1
1049,1697,6.61,83.863743815855,0.0,1
1050,1750,6.61,83.98960161859429,0.0,1
1051,1479,6.6,83.85386503619526,0.0,1
1052,1645,6.6,84.24806117307685,0.0,1
1053,1842,6.6,84.71587225118333,0.0,1
1054,2046,6.59,85.70810654239119,0.0,1
1055,1843,6.59,85.22604741114446,0.0,0
1056,1947,6.58,85.980814150014,0.0,1
1057,884,6.58,83.45653406865779,0.0,1
1058,1613,6.58,85.18767252520405,0.0,1
1059,1622,6.57,85.71684508935215,0.0,1
1060,1619,6.57,85.70972106278202,0.0,1
1061,1822,6.57,86.19178019402881,0.0,0
1062,1712,6.56,86.43836637089441,0.0,0
1063,3350,6.56,90.32808487819591,0.0,1
1064,2451,6.55,88.70105206711224,0.0,1
1065,2266,6.55,88.26173709528638,0.0,1
1066,3236,6.54,91.0729728374057,0.0,1
1067,1686,6.54,87.39222577616192,0.0,1
1068,1400,6.53,87.2208690609121,0.0,1
1069,2444,6.53,89.70003030732403,0.0,1
1070,1473,6.52,87.9020208585568,0.0,1
1071,1350,6.52,87.60993576918071,0.0,1
1072,1975,6.5,90.1097089401706,0.0,0
1073,1631,6.5,89.29282056012681,0.0,1
1074,1469,6.5,88.90812312533876,0.0,1
1075,975,6.49,88.24283390122514,0.0,2
1076,1137,6.49,88.62753133601319,0.0,2
1077,1859,6.49,90.34204706389579,0.0,2
1078,1424,6.48,89.81686369566188,0.0,0
1079,2468,6.48,92.29602494207381,0.0,2
1080,1122,6.47,89.60751217203796,0.0,2
1081,1227,6.46,90.3646535864309,0.0,2
1082,1719,6.44,92.54859491281087,0.0,2
1083,1620,6.43,92.82130252043368,0.0,2
1084,746,6.43,90.74583611299687,0.0,2
1085,982,6.43,91.30625953651531,0.0,2
1086,1300,6.42,92.56920683738883,0.0,0
1087,1043,6.42,91.9589152278794,0.0,2
1088,954,6.41,92.255369590736,0.0,2
1089,1914,6.41,94.5350580931838,0.0,0
1090,2161,6.41,95.1216029474594,0.0,2
1091,1227,6.41,92.90365600861958,0.0,0
1092,2126,6.4,95.54628978857863,0.0,0
1093,822,6.4,92.44971290608709,0.0,2
1094,1063,6.39,93.5298101916602,0.0,2
1095,493,6.38,92.68404562776959,0.0,2
1096,1379,6.36,95.80360911036246,0.0,2
1097,1130,6.36,95.21231490504005,0.0,2
1098,1339,6.36,95.70862208942714,0.0,2
1099,809,6.34,95.46564503090957,0.0,2
1100,915,6.32,96.73296160526365,0.0,2
1101,1438,6.31,98.48271738843073,0.0,0
1102,592,6.3,96.98154238008635,0.0,2
1103,1958,6.3,100.22534914502762,0.0,2
1104,2537,6.29,102.10808675750417,0.0,2
1105,2104,6.28,101.58765274031703,0.0,2
1106,596,6.23,100.54564447324401,0.0,2
1107,949,6.15,105.44630880850008,0.0,0
1108,2995,7.3,51.90783921900288,0.0,0
1109,2914,7.21,56.28569486154845,0.0,0
1110,3240,7.14,60.61444247323544,0.0,1
1111,2715,7.14,59.36773782345932,0.0,0
1112,2531,7.13,59.438598011594536,0.0,0
1113,1711,7.13,57.49136408242043,0.0,1
1114,1948,7.12,58.561962665899955,0.0,1
1115,3060,7.11,61.71040233233964,0.0,1
1116,2373,7.09,61.094601216650915,0.0,1
1117,2938,7.07,63.4518938562378,0.0,1
1118,2079,7.06,61.919848066089514,0.0,1
1119,2160,7.04,63.127797752359015,0.0,1
1120,2916,7.04,64.92305244803663,0.0,1
1121,3009,7.03,65.65169775614896,0.0,1
1122,1625,7.02,62.872947316224554,0.0,0
1123,2583,7.0,66.16348743650093,0.0,1
1124,3092,7.0,67.37219727790296,0.0,0
1125,2693,6.99,66.93250222851077,0.0,1
1126,2795,6.99,67.17471913189587,0.0,1
1127,2818,6.98,67.7371371533714,0.0,1
1128,3420,6.97,69.67449230288582,0.0,1
1129,2917,6.97,68.4800305146241,0.0,1
1130,1674,6.97,65.52830883905892,0.0,1
1131,2244,6.96,67.38967437182504,0.0,1
1132,2702,6.96,68.47727576153449,0.0,1
1133,2336,6.96,67.60814451997624,0.0,1
1134,2061,6.96,66.95510875104594,0.0,1
1135,2017,6.95,67.3584235124548,0.0,1
1136,1595,6.94,66.86411092602486,0.0,1
1137,2755,6.94,69.61873453314922,0.0,1
1138,3240,6.94,70.77045216199002,0.0,1
1139,2669,6.93,69.922312922576,0.0,1
1140,1536,6.93,67.23180555458293,0.0,1
1141,3165,6.92,71.60795246661172,0.0,1
1142,1595,6.9,68.89531286377576,0.0,1
1143,3149,6.9,72.58555862711307,0.0,0
1144,2976,6.89,72.68254024600554,0.0,1
1145,3240,6.89,73.3094545841787,0.0,1
1146,2790,6.89,72.24085059865632,0.0,1
1147,2927,6.88,73.07398162979752,0.0,1
1148,1995,6.88,70.86078404200447,0.0,1
1149,3240,6.87,74.32505555305414,0.0,1
1150,3227,6.87,74.29418477125017,0.0,1
1151,1845,6.87,71.01238319793475,0.0,1
1152,2154,6.86,72.25395841909784,0.0,0
1153,3016,6.86,74.30092872025403,0.0,0
1154,3330,6.86,75.04657683459635,0.0,1
1155,2393,6.85,73.32930635362419,0.0,1
1156,2565,6.85,73.73775054364609,0.0,1
1157,1901,6.85,72.16096599611967,0.0,1
1158,2427,6.85,73.4100453214192,0.0,1
1159,2880,6.85,74.48577333351176,0.0,1
1160,2821,6.84,74.85346796206977,0.0,1
1161,2970,6.83,75.71509509949158,0.0,0
1162,2040,6.83,73.50664686274536,0.0,0
1163,1478,6.83,72.17207921860404,0.0,1
1164,2669,6.82,75.50811825139101,0.0,1
1165,3233,6.82,76.8474352465791,0.0,1
1166,2804,6.82,75.82869944704771,0.0,1
1167,3420,6.81,77.79930005388951,0.0,1
1168,2395,6.81,75.36525764242185,0.0,1
1169,2970,6.81,76.73069606836708,0.0,1
1170,1890,6.8,74.67384698755109,0.0,1
1171,3240,6.8,77.87965894411826,0.0,1
1172,3293,6.8,78.00551674685755,0.0,1
1173,2055,6.8,75.06566844890932,0.0,1
1174,2170,6.8,75.33875613409833,0.0,1
1175,2951,6.8,77.19337771786053,0.0,1
1176,3248,6.79,78.40645683274306,0.0,1
1177,2103,6.79,75.68745335846938,0.0,1
1178,2472,6.78,77.07150911103548,0.0,0
1179,2973,6.77,78.76902203268821,0.0,1
1180,2141,6.77,76.7932919972335,0.0,1
1181,1854,6.77,76.11176012202253,0.0,1
1182,1805,6.76,76.5032015058145,0.0,1
1183,1061,6.75,75.24424340085511,0.0,1
1184,3420,6.75,80.84610296051585,0.0,1
1185,3330,6.74,81.14018264784909,0.0,1
1186,1877,6.74,77.68977911237346,0.0,0
1187,2495,6.74,79.15732858582419,0.0,1
1188,1667,6.74,77.19109725246301,0.0,1
1189,1458,6.74,76.69479006807592,0.0,0
1190,2627,6.74,79.47078575491076,0.0,1
1191,1172,6.74,76.01563286838837,0.0,1
1192,2482,6.73,79.63425828845794,0.0,0
1193,2027,6.73,78.55378092531862,0.0,0
1194,3184,6.73,81.30128050587285,0.0,1
1195,2536,6.72,80.27029125115843,0.0,1
1196,1751,6.72,78.40617096530269,0.0,1
1197,1595,6.72,78.03572158365495,0.0,1
1198,2434,6.72,80.02807434777333,0.0,0
1199,3025,6.72,81.43150758209276,0.0,1
1200,1728,6.71,78.8593539127026,0.0,1
1201,2574,6.71,80.8683294054847,0.0,1
1202,2188,6.71,79.95170465345882,0.0,1
1203,2491,6.71,80.67123133704388,0.0,1
1204,3330,6.71,82.66358410116231,0.0,1
1205,2391,6.71,80.4337637847056,0.0,0
1206,2490,6.7,81.17665714595825,0.0,1
1207,1999,6.7,80.01069146397714,0.0,0
1208,1292,6.7,78.33179586894528,0.0,1
1209,2226,6.69,81.05754329222282,0.0,1
1210,2379,6.69,81.42086864730044,0.0,1
1211,1197,6.69,78.61400217866162,0.0,1
1212,1789,6.69,80.01981008850441,0.0,1
1213,2301,6.68,81.74344444091435,0.0,1
1214,1637,6.67,80.67446037782571,0.0,1
1215,2155,6.67,81.90454229893811,0.0,0
1216,1300,6.67,79.87419472644558,0.0,0
1217,2880,6.66,84.13398253782856,0.0,1
1218,1935,6.65,82.39771465266926,0.0,0
1219,1448,6.64,81.74904815721948,0.0,0
1220,1448,6.64,81.74904815721948,0.0,0
1221,2138,6.64,83.38757426835377,0.0,1
1222,2803,6.64,84.96673349140355,0.0,0
1223,2678,6.64,84.66989905098063,0.0,0
1224,1483,6.64,81.83216180053785,0.0,1
1225,949,6.63,81.07188555548902,0.0,0
1226,1884,6.63,83.29220716985219,0.0,1
1227,1241,6.62,82.2730912927546,0.0,1
1228,3420,6.62,87.44750925820637,0.0,1
1229,2153,6.61,84.94659585451768,0.0,0
1230,1048,6.61,82.32257940117938,0.0,1
1231,1239,6.61,82.77614242614555,0.0,0
1232,2057,6.61,84.71862700427295,0.0,1
1233,1287,6.6,83.39792733570573,0.0,1
1234,783,6.6,82.20109087192066,0.0,1
1235,1482,6.59,84.36878954720316,0.0,1
1236,1270,6.59,83.86535833624595,0.0,1
1237,1433,6.59,84.25243044655736,0.0,1
1238,1356,6.58,84.57738091569462,0.0,1
1239,2072,6.58,86.27764859043691,0.0,1
1240,3028,6.58,88.54783839079113,0.0,1
1241,1905,6.58,85.88107777803191,0.0,0
1242,1322,6.57,85.00444243233727,0.0,1
1243,1882,6.57,86.33426072543176,0.0,1
1244,1890,6.57,86.35325812961884,0.0,1
1245,1805,6.56,86.65921119456908,0.0,1
1246,1932,6.56,86.9607949860387,0.0,1
1247,2622,6.55,89.10712158161078,0.0,1
1248,2941,6.55,89.86464307357,0.0,1
1249,1769,6.55,87.08152336016497,0.0,1
1250,2636,6.55,89.14036703893811,0.0,1
1251,883,6.54,85.48536133088533,0.0,1
1252,1271,6.54,86.40673543395792,0.0,1
1253,1498,6.54,86.94578677776587,0.0,1
1254,2256,6.54,88.74579082449026,0.0,1
1255,1978,6.53,88.5934315134275,0.0,1
1256,1243,6.53,86.84804500374094,0.0,1
1257,2925,6.53,90.84224923407129,0.0,1
1258,1339,6.52,87.58381433842351,0.0,1
1259,1189,6.52,87.22761300991601,0.0,1
1260,1781,6.51,89.14122140419653,0.0,0
1261,2261,6.51,90.28106565542043,0.0,1
1262,1326,6.51,88.0607440410572,0.0,1
1263,2148,6.51,90.01272732127813,0.0,1
1264,1996,6.51,89.65177664172393,0.0,0
1265,2644,6.5,91.69836686531386,0.0,1
1266,1445,6.5,88.85113091277753,0.0,0
1267,1598,6.49,89.72225675229282,0.0,2
1268,2973,6.49,92.98743559694458,0.0,0
1269,2973,6.49,92.98743559694458,0.0,0
1270,2530,6.48,92.44325482452359,0.0,2
1271,2737,6.48,92.93481265786386,0.0,2
1272,1505,6.48,90.00921241305593,0.0,2
1273,2098,6.47,91.92519548285986,0.0,2
1274,785,6.47,88.80724652065788,0.0,2
1275,620,6.47,88.41542505929965,0.0,2
1276,2244,6.47,92.27189810927382,0.0,2
1277,1275,6.46,90.4786380115533,0.0,2
1278,1598,6.46,91.24565820560605,0.0,2
1279,1468,6.46,90.93695038756624,0.0,2
1280,1652,6.45,91.88169116830647,0.0,2
1281,1362,6.44,91.70083575096311,0.0,2
1282,1763,6.44,92.65308063583973,0.0,2
1283,2106,6.42,94.48319530923561,0.0,2
1284,1215,6.41,92.87515990233902,0.0,0
1285,1841,6.41,94.36170677997683,0.0,2
1286,768,6.41,91.81367994338677,0.0,2
1287,1428,6.4,93.88876627325726,0.0,0
1288,1241,6.4,93.44470195038463,0.0,0
1289,1270,6.39,94.02136802500053,0.0,2
1290,1219,6.39,93.900259573308,0.0,2
1291,623,6.39,92.48495296137168,0.0,2
1292,813,6.38,93.44394179525216,0.0,2
1293,936,6.37,94.24382736906603,0.0,2
1294,1772,6.36,96.736856591052,0.0,2
1295,1015,6.36,94.93922721985098,0.0,2
1296,1850,6.36,96.92208128187588,0.0,2
1297,828,6.35,95.00296338141612,0.0,2
1298,1025,6.35,95.4707744595226,0.0,2
1299,1297,6.31,98.14788813963372,0.0,2
1300,1707,6.29,100.13710607309622,0.0,2
1301,1065,6.29,98.61256438708426,0.0,2
1302,1083,6.28,99.1631090309429,0.0,2
1303,623,6.26,99.08635925906219,0.0,2
1304,483,6.24,99.76950565466399,0.0,2
1305,359,6.17,103.02964928082861,0.0,2
1306,2409,7.59,35.79006531360619,0.0,1
1307,1759,7.41,43.38693494328635,0.0,1
1308,2760,7.28,52.3653914398833,0.0,1
1309,2837,7.23,55.08724387737243,0.0,0
1310,1930,7.11,59.02701899091676,0.0,1
1311,2676,7.09,61.814127900235974,0.0,1
1312,2613,7.06,63.187924795576066,0.0,1
1313,2815,7.03,65.19101070461267,0.0,1
1314,1532,7.02,62.65210249254994,0.0,1
1315,1876,7.0,64.48459184146907,0.0,1
1316,2880,6.98,67.88436703582119,0.0,1
1317,2879,6.98,67.88199236029777,0.0,1
1318,1572,6.97,65.28609193567388,0.0,1
1319,1557,6.96,65.75827228726081,0.0,1
1320,1802,6.96,66.34006779048968,0.0,1
1321,1701,6.96,66.100225562628,0.0,1
1322,1367,6.95,65.81488442225577,0.0,1
1323,1513,6.93,67.17718801754518,0.0,1
1324,2495,6.93,69.50911938150733,0.0,1
1325,2926,6.93,70.53260453208543,0.0,1
1326,2520,6.93,69.56848626959192,0.0,0
1327,2509,6.92,70.05016532327244,0.0,1
1328,2130,6.9,70.16576426878567,0.0,1
1329,2343,6.89,71.17937063970408,0.0,1
1330,2627,6.89,71.85377848834486,0.0,1
1331,3060,6.88,73.38981347440745,0.0,1
1332,1995,6.87,71.36858452644219,0.0,1
1333,1576,6.87,70.37359548214471,0.0,0
1334,2250,6.87,71.97412678490491,0.0,1
1335,2520,6.87,72.61528917621831,0.0,1
1336,2790,6.86,73.76425205196949,0.0,1
1337,1346,6.85,70.84302108064207,0.0,1
1338,1342,6.85,70.83352237854854,0.0,1
1339,2938,6.84,75.13130499830561,0.0,0
1340,2327,6.83,74.18817873795626,0.0,1
1341,2296,6.83,74.11456379673137,0.0,1
1342,1746,6.82,73.3162927433084,0.0,1
1343,1404,6.82,72.50415371431143,0.0,1
1344,1978,6.82,73.8672174647333,0.0,1
1345,2451,6.81,75.49823947173127,0.0,1
1346,1153,6.81,72.41591064238003,0.0,1
1347,2081,6.8,75.12741001251726,0.0,1
1348,1564,6.79,74.40750325136594,0.0,1
1349,2610,6.78,77.39921433326236,0.0,1
1350,1620,6.78,75.04828556511308,0.0,1
1351,1237,6.77,74.64658532409516,0.0,1
1352,1168,6.77,74.48273271298171,0.0,0
1353,2509,6.77,77.66717258983846,0.0,1
1354,3028,6.76,79.407429670912,0.0,1
1355,1788,6.76,76.46283202191694,0.0,1
1356,1719,6.75,76.80677989524122,0.0,1
1357,1917,6.75,77.27696564887106,0.0,1
1358,1422,6.75,76.10150126479641,0.0,1
1359,2593,6.75,78.88224630267803,0.0,1
1360,2302,6.74,78.69901620981125,0.0,1
1361,1351,6.74,76.44069978707392,0.0,1
1362,2164,6.74,78.37131098758442,0.0,1
1363,1058,6.74,75.74491985872271,0.0,1
1364,2970,6.73,80.79309994386887,0.0,1
1365,1720,6.73,77.82475553964002,0.0,1
1366,1998,6.73,78.4849153351405,0.0,1
1367,1792,6.73,77.99573217732359,0.0,1
1368,2093,6.72,79.21830999429972,0.0,1
1369,2119,6.72,79.28005155790765,0.0,1
1370,2746,6.72,80.76897311106887,0.0,1
1371,3060,6.72,81.51462122541113,0.0,1
1372,2880,6.71,81.59498011563994,0.0,1
1373,1136,6.71,77.45354600285981,0.0,1
1374,2730,6.71,81.23877878713245,0.0,1
1375,2494,6.71,80.67835536361406,0.0,1
1376,1469,6.71,78.2443129521464,0.0,1
1377,2674,6.7,81.6135974422607,0.0,1
1378,2979,6.7,82.33787347689258,0.0,1
1379,1333,6.7,78.42915756540401,0.0,1
1380,1433,6.7,78.66662511774229,0.0,1
1381,2127,6.7,80.31464993097018,0.0,1
1382,1913,6.69,80.31426985340391,0.0,1
1383,1621,6.69,79.62086460057606,0.0,0
1384,2295,6.69,81.22139590333626,0.0,1
1385,2462,6.69,81.6179667157412,0.0,1
1386,1873,6.69,80.2192828324686,0.0,1
1387,940,6.68,78.51151105358997,0.0,1
1388,1826,6.68,80.61547356730739,0.0,1
1389,1249,6.68,79.24528579031534,0.0,1
1390,1083,6.68,78.85108965343375,0.0,1
1391,1763,6.68,80.46586900933426,0.0,1
1392,1832,6.68,80.62972162044764,0.0,1
1393,1616,6.67,80.62459219183467,0.0,1
1394,2639,6.66,83.56168573669322,0.0,1
1395,2970,6.66,84.34770333493299,0.0,1
1396,2790,6.66,83.92026174072407,0.0,1
1397,2204,6.65,83.03650236845931,0.0,1
1398,2171,6.65,82.95813807618765,0.0,0
1399,1926,6.64,82.88414305739656,0.0,1
1400,2236,6.64,83.62029246964534,0.0,1
1401,2059,6.63,83.70777538644427,0.0,1
1402,2206,6.63,84.05685268838158,0.0,1
1403,1622,6.62,83.17784266716353,0.0,1
1404,2880,6.62,86.16518447557951,0.0,1
1405,1411,6.62,82.67678613172973,0.0,1
1406,2880,6.61,86.67298496001723,0.0,1
1407,2824,6.61,86.54000313070776,0.0,1
1408,630,6.61,81.32996503240525,0.0,1
1409,1899,6.61,84.34342827157838,0.0,1
1410,1644,6.61,83.73788601311571,0.0,1
1411,1714,6.6,84.41191378419029,0.0,1
1412,2643,6.6,86.61798734541321,0.0,1
1413,2216,6.6,85.6040008969286,0.0,1
1414,1878,6.6,84.80136057002511,0.0,1
1415,1098,6.6,82.94911366178633,0.0,1
1416,1271,6.59,83.8677330117693,0.0,1
1417,2880,6.59,87.68858592889273,0.0,1
1418,1453,6.59,84.29992395702504,0.0,1
1419,1737,6.58,85.48213229010355,0.0,1
1420,1604,6.57,85.67410092993129,0.0,1
1421,1507,6.57,85.44375740416314,0.0,1
1422,2451,6.57,87.68545109823674,0.0,1
1423,1075,6.56,84.92569806249941,0.0,1
1424,2768,6.55,89.45382420802468,0.0,1
1425,2024,6.55,87.68706561862768,0.0,1
1426,1589,6.55,86.65408176595605,0.0,1
1427,2233,6.54,88.69117328745244,0.0,1
1428,2430,6.54,89.15898436555892,0.0,1
1429,1624,6.54,87.24499589371214,0.0,1
1430,1425,6.54,86.77243546455895,0.0,1
1431,2395,6.54,89.07587072224055,0.0,1
1432,1144,6.53,86.61295212692602,0.0,1
1433,1583,6.52,88.16323516612897,0.0,1
1434,3060,6.52,91.67063091416577,0.0,1
1435,676,6.51,86.51720495085823,0.0,1
1436,2790,6.51,91.53726900729009,0.0,1
1437,877,6.49,88.01011569993364,0.0,0
1438,1409,6.49,89.27344307837342,0.0,2
1439,968,6.49,88.22621117256148,0.0,0
1440,1779,6.48,90.65987350646287,0.0,2
1441,2160,6.48,91.56462488087186,0.0,2
1442,1623,6.47,90.79722460925291,0.0,2
1443,961,6.45,90.24079038164876,0.0,2
1444,928,6.44,90.67022657381483,0.0,2
1445,2430,6.44,94.23698920993621,0.0,2
1446,1920,6.44,93.02590469301083,0.0,2
1447,724,6.43,90.69359325148247,0.0,2
1448,1219,6.43,91.86905763555711,0.0,2
1449,1360,6.42,92.71168736879184,0.0,2
1450,1118,6.41,92.64481637657082,0.0,2
1451,1259,6.4,93.48744610980555,0.0,2
1452,1466,6.4,93.97900394314581,0.0,2
1453,761,6.4,92.30485769916072,0.0,0
1454,1524,6.4,94.11673512350205,0.0,2
1455,1724,6.39,95.09947071261644,0.0,0
1456,1472,6.38,95.00885296516162,0.0,2
1457,1679,6.38,95.50041079850195,0.0,2
1458,972,6.38,93.82151520347008,0.0,0
1459,1187,6.37,94.83987092543515,0.0,2
1460,1660,6.37,95.9630924479954,0.0,2
1461,565,6.36,93.8706232343286,0.0,2
1462,689,6.34,95.18068396810361,0.0,2
1463,1186,6.33,96.86869818766274,0.0,2
1464,1010,6.32,96.95855577998503,0.0,2
1465,720,6.31,96.77770036264167,0.0,2
1466,941,6.31,97.30250365330932,0.0,2
1467,1363,6.31,98.30461672417698,0.0,2
1468,516,6.29,97.30886752474697,0.0,2
1469,1004,6.27,99.4833101490334,0.0,2
1470,793,6.19,103.04465748910138,0.0,2
